_id,details,name,photos,price
,"[{'Вес, кг': '4.7', 'Страна производства': 'Польша', 'Гарантия (лет)': '5.', 'Ширина (см)': '32', 'Длина (см)': '143', 'Тип продукта': 'Гладильная доска', 'Марка': 'RORETS', 'Максимальная высота (см)': '143'}]","Доска гладильная Rorets Next 9738-01000, 32х112 см цвет белый","[{'url': 'https://res.cloudinary.com/lmru/image/upload/f_auto,q_auto,w_2000,h_2000,c_pad,b_white,d_photoiscoming.png/LMCode/93407214.jpg', 'path': 'full/864d2351455de0bf1b7a826ff43b25cc44192127.jpg', 'checksum': '4c08c056b07d2d273e6e82da1fc57c5b', 'status': 'downloaded'}, {'url': 'https://res.cloudinary.com/lmru/image/upload/f_auto,q_auto,w_1200,h_1200,c_pad,b_white,d_photoiscoming.png/LMCode/93407214.jpg', 'path': 'full/d7c9732c335b6fc43b4fbedd6717e3055233ac6c.jpg', 'checksum': '0a89e3b704eef5888f446b65a5a429a9', 'status': 'downloaded'}, {'url': 'https://res.cloudinary.com/lmru/image/upload/f_auto,q_auto,w_600,h_600,c_pad,b_white,d_photoiscoming.png/LMCode/93407214.jpg', 'path': 'full/c85e949cbc7b532a2dca875db13a224ab688d3d7.jpg', 'checksum': '52fef3a7b06081edea0fa40d24644f17', 'status': 'downloaded'}, {'url': 'https://res.cloudinary.com/lmru/image/upload/f_auto,q_auto,w_800,h_800,c_pad,b_white,d_photoiscoming.png/LMCode/93407214.jpg', 'path': 'full/d9647351ab0049b0d467d8fa708b674ebb0c0640.jpg', 'checksum': '7c2b5a0e6ba794e685b9eeb50c4bad89', 'status': 'downloaded'}, {'url': 'https://res.cloudinary.com/lmru/image/upload/f_auto,q_auto,w_400,h_400,c_pad,b_white,d_photoiscoming.png/LMCode/93407214.jpg', 'path': 'full/558731fa6291446e48755c766e1db62e30430592.jpg', 'checksum': '20f0ffcbbf717cf890f9161e0d0d4ca1', 'status': 'downloaded'}]",2719
,"[{'Вес, кг': '5.5', 'Страна производства': 'Украина', 'Гарантия (лет)': '0.', 'Ширина (см)': '38', 'Длина (см)': '120', 'Тип продукта': 'Гладильная доска', 'Марка': 'EUROGOLD', 'Максимальная высота (см)': '90'}]","Доска Гладильная  A4 ""Ok Plus Diagon Eclipse"" 120 Х 38 См (1)  Дсп ""Eurogold""","[{'url': 'https://res.cloudinary.com/lmru/image/upload/f_auto,q_auto,w_2000,h_2000,c_pad,b_white,d_photoiscoming.png/LMCode/90038261.jpg', 'path': 'full/07fb064a3aab4a70af469ddf8385184bdd130f5c.jpg', 'checksum': '6ec17709b5df87ee61920c8d294fc47b', 'status': 'downloaded'}, {'url': 'https://res.cloudinary.com/lmru/image/upload/f_auto,q_auto,w_1200,h_1200,c_pad,b_white,d_photoiscoming.png/LMCode/90038261.jpg', 'path': 'full/6d546d6f8489cadec98f93427abc29708b3edf82.jpg', 'checksum': '1be786f301a1cc84712ba3a0cf6afbab', 'status': 'downloaded'}, {'url': 'https://res.cloudinary.com/lmru/image/upload/f_auto,q_auto,w_600,h_600,c_pad,b_white,d_photoiscoming.png/LMCode/90038261.jpg', 'path': 'full/a1991125d42900d1f64b2329aa72a2952f70006f.jpg', 'checksum': 'c1036f031d284171f0ae4e23e484d5d5', 'status': 'downloaded'}, {'url': 'https://res.cloudinary.com/lmru/image/upload/f_auto,q_auto,w_800,h_800,c_pad,b_white,d_photoiscoming.png/LMCode/90038261.jpg', 'path': 'full/09998b5175624ab319d21aedc28bf94b4ea261df.jpg', 'checksum': '912777b31464447f22d7ca23f4f8682f', 'status': 'downloaded'}, {'url': 'https://res.cloudinary.com/lmru/image/upload/f_auto,q_auto,w_400,h_400,c_pad,b_white,d_photoiscoming.png/LMCode/90038261.jpg', 'path': 'full/a3ded80fb892b65ad8f5cfd313d81056747d1c61.jpg', 'checksum': 'f75afff0255ebcb40b0e3f5de86850fc', 'status': 'downloaded'}]",1708
,"[{'Вес, кг': '6.94', 'Страна производства': 'Россия', 'Гарантия (лет)': '0', 'Ширина (см)': '40.0', 'Длина (см)': '122.0', 'Тип продукта': 'Гладильная доска', 'Особенности продукта': 'Встроенная розетка, Держатель для шнура', 'Марка': 'NIKA', 'Регулируемая высота (см х см)': 'регулировка до 90 см', 'Максимальная высота (см)': '90.0'}]",Гладильная доска Ника-9,"[{'url': 'https://res.cloudinary.com/lmru/image/upload/f_auto,q_auto,w_2000,h_2000,c_pad,b_white,d_photoiscoming.png/LMCode/82615495.jpg', 'path': 'full/60befc24bd0c473677bda2802d1d2fce5c81e556.jpg', 'checksum': '8f1f5d927b5dca9a758d778f78f0aa47', 'status': 'downloaded'}, {'url': 'https://res.cloudinary.com/lmru/image/upload/f_auto,q_auto,w_1200,h_1200,c_pad,b_white,d_photoiscoming.png/LMCode/82615495.jpg', 'path': 'full/a05fbaf4c7be2e5aec3afbb2e5a8dcbbb068e767.jpg', 'checksum': '919af2d08e2071d8e4d2a2cfd272bcef', 'status': 'downloaded'}, {'url': 'https://res.cloudinary.com/lmru/image/upload/f_auto,q_auto,w_600,h_600,c_pad,b_white,d_photoiscoming.png/LMCode/82615495.jpg', 'path': 'full/7abb60265a5105939e6669ef6f6a661deef97be0.jpg', 'checksum': '3bf05faca1de4a63d8479a35472d170b', 'status': 'downloaded'}, {'url': 'https://res.cloudinary.com/lmru/image/upload/f_auto,q_auto,w_800,h_800,c_pad,b_white,d_photoiscoming.png/LMCode/82615495.jpg', 'path': 'full/d99f33aa8e5128caeda9373980b73ac33eb401a9.jpg', 'checksum': '35694dfc22cfb1f4cd0f183098e74b36', 'status': 'downloaded'}, {'url': 'https://res.cloudinary.com/lmru/image/upload/f_auto,q_auto,w_400,h_400,c_pad,b_white,d_photoiscoming.png/LMCode/82615495.jpg', 'path': 'full/f197ccef836e35a260049f9d40b4eef8224bb719.jpg', 'checksum': '7985c8083d854fd52871208bfcedeaed', 'status': 'downloaded'}, {'url': 'https://res.cloudinary.com/lmru/image/upload/f_auto,q_auto,w_2000,h_2000,c_pad,b_white,d_photoiscoming.png/LMCode/82615495_01.jpg', 'path': 'full/eaa3339c29b07e7ce829fc561d3a7720e6621a1d.jpg', 'checksum': '3bc5f3ba76ed6047daa8558a707231e1', 'status': 'downloaded'}, {'url': 'https://res.cloudinary.com/lmru/image/upload/f_auto,q_auto,w_1200,h_1200,c_pad,b_white,d_photoiscoming.png/LMCode/82615495_01.jpg', 'path': 'full/9a271e0667342ad7c9ba349af1b48517c013ee3f.jpg', 'checksum': '49bdebb816c99fd1330a0257ccd7c2dc', 'status': 'downloaded'}, {'url': 'https://res.cloudinary.com/lmru/image/upload/f_auto,q_auto,w_600,h_600,c_pad,b_white,d_photoiscoming.png/LMCode/82615495_01.jpg', 'path': 'full/3861e906f597487a7d35ece0c965f1f433c7aeb2.jpg', 'checksum': 'f3aec47becebc52cc5256cccffb32032', 'status': 'downloaded'}, {'url': 'https://res.cloudinary.com/lmru/image/upload/f_auto,q_auto,w_800,h_800,c_pad,b_white,d_photoiscoming.png/LMCode/82615495_01.jpg', 'path': 'full/d47339d29845ace2f6e2280583ebcbec9705ca04.jpg', 'checksum': 'a2c74310aa70ae832afc631cddb2c69b', 'status': 'downloaded'}, {'url': 'https://res.cloudinary.com/lmru/image/upload/f_auto,q_auto,w_400,h_400,c_pad,b_white,d_photoiscoming.png/LMCode/82615495_01.jpg', 'path': 'full/b1744f489e13c8b4f31e37565da5d1bd58926bbd.jpg', 'checksum': '6c4cd88c8a6ddd80d0ee4293e6d84b62', 'status': 'downloaded'}, {'url': 'https://res.cloudinary.com/lmru/image/upload/f_auto,q_auto,w_2000,h_2000,c_pad,b_white,d_photoiscoming.png/LMCode/82615495_02.jpg', 'path': 'full/e3725a9e5a9c52a16b636f826de72e319507f9bf.jpg', 'checksum': 'a4a202f665ef410b69b2aff168b7e460', 'status': 'downloaded'}, {'url': 'https://res.cloudinary.com/lmru/image/upload/f_auto,q_auto,w_1200,h_1200,c_pad,b_white,d_photoiscoming.png/LMCode/82615495_02.jpg', 'path': 'full/1bfd9341f164c353e6dfa60cd80b4bd7dbc8b9a3.jpg', 'checksum': 'b8c51af0720f79cfa5eeee4493d894b7', 'status': 'downloaded'}, {'url': 'https://res.cloudinary.com/lmru/image/upload/f_auto,q_auto,w_600,h_600,c_pad,b_white,d_photoiscoming.png/LMCode/82615495_02.jpg', 'path': 'full/cc0780505b27ca8b948bacd500f6a4d603e8fcf2.jpg', 'checksum': 'aa2abbdcea86e0eb0417c25ede924855', 'status': 'downloaded'}, {'url': 'https://res.cloudinary.com/lmru/image/upload/f_auto,q_auto,w_800,h_800,c_pad,b_white,d_photoiscoming.png/LMCode/82615495_02.jpg', 'path': 'full/e4353ce63dc61ad31cc40b8b9c63ae1ed54e49e4.jpg', 'checksum': '7469bd893477cc2a6a65ccad2ff81969', 'status': 'downloaded'}, {'url': 'https://res.cloudinary.com/lmru/image/upload/f_auto,q_auto,w_400,h_400,c_pad,b_white,d_photoiscoming.png/LMCode/82615495_02.jpg', 'path': 'full/a4f2bfb185c00704af50c18e9f31043de09a958d.jpg', 'checksum': 'ef92bb719cb7574fef53ed47b1610298', 'status': 'downloaded'}, {'url': 'https://res.cloudinary.com/lmru/image/upload/f_auto,q_auto,w_2000,h_2000,c_pad,b_white,d_photoiscoming.png/LMCode/82615495_03.jpg', 'path': 'full/68e2fb96975bb94c1dbfd28bfe3f30f0de0443fb.jpg', 'checksum': '09be57ff12e306472b4e96cdab392b59', 'status': 'downloaded'}, {'url': 'https://res.cloudinary.com/lmru/image/upload/f_auto,q_auto,w_1200,h_1200,c_pad,b_white,d_photoiscoming.png/LMCode/82615495_03.jpg', 'path': 'full/938975d1111ed6d1445358245ecc3b91a7239c82.jpg', 'checksum': '7dabe5620cbd03fd70fb86cf00992967', 'status': 'downloaded'}, {'url': 'https://res.cloudinary.com/lmru/image/upload/f_auto,q_auto,w_600,h_600,c_pad,b_white,d_photoiscoming.png/LMCode/82615495_03.jpg', 'path': 'full/fdb8e394fc7d5df7c64b4c914d0c0f0d5db53033.jpg', 'checksum': '91398472c95b5bf9f4d9bf03d8f29db4', 'status': 'downloaded'}, {'url': 'https://res.cloudinary.com/lmru/image/upload/f_auto,q_auto,w_800,h_800,c_pad,b_white,d_photoiscoming.png/LMCode/82615495_03.jpg', 'path': 'full/6c7691bc4422c297b4743d95e51241797cea479d.jpg', 'checksum': 'a6c6610b82108f85fb45a0aa44d58071', 'status': 'downloaded'}, {'url': 'https://res.cloudinary.com/lmru/image/upload/f_auto,q_auto,w_400,h_400,c_pad,b_white,d_photoiscoming.png/LMCode/82615495_03.jpg', 'path': 'full/66b65f498c5dae705b6711795715e41aad921e02.jpg', 'checksum': 'a21b3eca9bc6cc7a04d1fd5699d5e107', 'status': 'downloaded'}, {'url': 'https://res.cloudinary.com/lmru/image/upload/f_auto,q_auto,w_2000,h_2000,c_pad,b_white,d_photoiscoming.png/LMCode/82615495_04.jpg', 'path': 'full/8192bf0011180f0162a9803fd2b6623cae2fb422.jpg', 'checksum': '22015f81c262d0812a74ec3231d8f267', 'status': 'downloaded'}, {'url': 'https://res.cloudinary.com/lmru/image/upload/f_auto,q_auto,w_1200,h_1200,c_pad,b_white,d_photoiscoming.png/LMCode/82615495_04.jpg', 'path': 'full/2d90f9619dd94a65a4b741c3c28f9f5df82ba357.jpg', 'checksum': '47c303e874f5df9ad48b0ac5b0366add', 'status': 'downloaded'}, {'url': 'https://res.cloudinary.com/lmru/image/upload/f_auto,q_auto,w_600,h_600,c_pad,b_white,d_photoiscoming.png/LMCode/82615495_04.jpg', 'path': 'full/1ca52a1601df02e284428502fe8c124b69241853.jpg', 'checksum': '5a97791838170ee86fe405d44902e3c8', 'status': 'downloaded'}, {'url': 'https://res.cloudinary.com/lmru/image/upload/f_auto,q_auto,w_800,h_800,c_pad,b_white,d_photoiscoming.png/LMCode/82615495_04.jpg', 'path': 'full/b045132e67f142997b557a45e1e0ba54191f8349.jpg', 'checksum': '675f043195c13c09a09dcd1c20ecf8de', 'status': 'downloaded'}, {'url': 'https://res.cloudinary.com/lmru/image/upload/f_auto,q_auto,w_400,h_400,c_pad,b_white,d_photoiscoming.png/LMCode/82615495_04.jpg', 'path': 'full/b264672a0d137fa82d59e22bbb6f796059ced45e.jpg', 'checksum': '29caf8b14eaa27096e31e479dacaf5fe', 'status': 'downloaded'}]",2845
,"[{'Вес, кг': '5.5', 'Страна производства': 'Украина', 'Гарантия (лет)': '0.', 'Ширина (см)': '38', 'Длина (см)': '120', 'Тип продукта': 'Гладильная доска', 'Марка': 'EUROGOLD', 'Максимальная высота (см)': '90'}]","Доска Гладильная  A5 ""Ok Plus Digits Blue"" 120 Х 38 См (1)  Дсп ""Eurogold""","[{'url': 'https://res.cloudinary.com/lmru/image/upload/f_auto,q_auto,w_2000,h_2000,c_pad,b_white,d_photoiscoming.png/LMCode/90038262.jpg', 'path': 'full/78906dbdc77141289ae4c038bd5db1fea551f37a.jpg', 'checksum': '223070a560d837d0f11e63bc5f3f49c9', 'status': 'downloaded'}, {'url': 'https://res.cloudinary.com/lmru/image/upload/f_auto,q_auto,w_1200,h_1200,c_pad,b_white,d_photoiscoming.png/LMCode/90038262.jpg', 'path': 'full/d02202a26fa1c230c5730a3dada9790bc66ed9d0.jpg', 'checksum': '47686fb27aec75a76df71237afa5b18f', 'status': 'downloaded'}, {'url': 'https://res.cloudinary.com/lmru/image/upload/f_auto,q_auto,w_600,h_600,c_pad,b_white,d_photoiscoming.png/LMCode/90038262.jpg', 'path': 'full/1c31580129faa1f87b3cd502f98836138108a67d.jpg', 'checksum': '2a3a4093aab988c31352d159df44ed5f', 'status': 'downloaded'}, {'url': 'https://res.cloudinary.com/lmru/image/upload/f_auto,q_auto,w_800,h_800,c_pad,b_white,d_photoiscoming.png/LMCode/90038262.jpg', 'path': 'full/c99554084397f8eb2e29f30e0004d56974d808a4.jpg', 'checksum': '6ecebdb611d7600fc83103f6307d7c8a', 'status': 'downloaded'}, {'url': 'https://res.cloudinary.com/lmru/image/upload/f_auto,q_auto,w_400,h_400,c_pad,b_white,d_photoiscoming.png/LMCode/90038262.jpg', 'path': 'full/2e77b6f368990dea46398e1d60511c238117cf83.jpg', 'checksum': '6668415a4ba1175274642aac508ff7be', 'status': 'downloaded'}, {'url': 'https://res.cloudinary.com/lmru/image/upload/f_auto,q_auto,w_2000,h_2000,c_pad,b_white,d_photoiscoming.png/LMCode/90038262_01.jpg', 'path': 'full/1235684821f2c2b35142b4f477d46406e5cf866e.jpg', 'checksum': 'd2afe8c919482b7fd6c8798b6bcfbcaa', 'status': 'downloaded'}, {'url': 'https://res.cloudinary.com/lmru/image/upload/f_auto,q_auto,w_1200,h_1200,c_pad,b_white,d_photoiscoming.png/LMCode/90038262_01.jpg', 'path': 'full/cfad6ae0f61ab6317d7e2f25e453141ea3989aa0.jpg', 'checksum': '65d55a57530d39592d212caf2df06baa', 'status': 'downloaded'}, {'url': 'https://res.cloudinary.com/lmru/image/upload/f_auto,q_auto,w_600,h_600,c_pad,b_white,d_photoiscoming.png/LMCode/90038262_01.jpg', 'path': 'full/2d535641c4130e22055ab5f78d57926d6df55dd4.jpg', 'checksum': '6d10ba69e9a21204c0970dd9da3c2720', 'status': 'downloaded'}, {'url': 'https://res.cloudinary.com/lmru/image/upload/f_auto,q_auto,w_800,h_800,c_pad,b_white,d_photoiscoming.png/LMCode/90038262_01.jpg', 'path': 'full/9d45e671bf3410b969ad99e093d9f1147c486c97.jpg', 'checksum': '754db3e38fb6b9d73d55c40f91476d21', 'status': 'downloaded'}, {'url': 'https://res.cloudinary.com/lmru/image/upload/f_auto,q_auto,w_400,h_400,c_pad,b_white,d_photoiscoming.png/LMCode/90038262_01.jpg', 'path': 'full/7760a4f978729beddd4d47aae53b128612d45fc1.jpg', 'checksum': 'e1610ea42d66aacfdbff3f1dbf19e231', 'status': 'downloaded'}, {'url': 'https://res.cloudinary.com/lmru/image/upload/f_auto,q_auto,w_2000,h_2000,c_pad,b_white,d_photoiscoming.png/LMCode/90038262_02.jpg', 'path': 'full/e9570f31ed37cf80ad65176e7560837ebfa719b0.jpg', 'checksum': 'a319fce28d3825ffe6541abb79eff0af', 'status': 'downloaded'}, {'url': 'https://res.cloudinary.com/lmru/image/upload/f_auto,q_auto,w_1200,h_1200,c_pad,b_white,d_photoiscoming.png/LMCode/90038262_02.jpg', 'path': 'full/8a3b86f45cc0ec5b3168478baa18a417be07a8ef.jpg', 'checksum': '51338b6220e1abaf80ab939fd7d7031c', 'status': 'downloaded'}, {'url': 'https://res.cloudinary.com/lmru/image/upload/f_auto,q_auto,w_600,h_600,c_pad,b_white,d_photoiscoming.png/LMCode/90038262_02.jpg', 'path': 'full/84103b7aa32dd9fdda75b19a6a7e46e2661e9d4e.jpg', 'checksum': '43c68de3a2a9ad2b91cfade137043f77', 'status': 'downloaded'}, {'url': 'https://res.cloudinary.com/lmru/image/upload/f_auto,q_auto,w_800,h_800,c_pad,b_white,d_photoiscoming.png/LMCode/90038262_02.jpg', 'path': 'full/2bf1879b1ce090bd515c4da46a31ff6d8ae49cdd.jpg', 'checksum': '6f73caa557b7f631129c5fa3dd99d9de', 'status': 'downloaded'}, {'url': 'https://res.cloudinary.com/lmru/image/upload/f_auto,q_auto,w_400,h_400,c_pad,b_white,d_photoiscoming.png/LMCode/90038262_02.jpg', 'path': 'full/53836df6a7333fa2d659ec370ec749d673291e35.jpg', 'checksum': '5080d6813a34e74c375230606efc2caa', 'status': 'downloaded'}]",1708
,"[{'Вес, кг': '7.0', 'Страна производства': 'Россия', 'Гарантия (лет)': '0.', 'Модель продукта': '215519', 'Ширина (см)': '40', 'Длина (см)': '122', 'Тип продукта': 'Гладильная доска', 'Марка': 'NIKA', 'Максимальная высота (см)': '90'}]",Гладильная доска NIKA 215519,"[{'url': 'https://res.cloudinary.com/lmru/image/upload/f_auto,q_auto,w_2000,h_2000,c_pad,b_white,d_photoiscoming.png/LMCode/90046678.jpg', 'path': 'full/a9489a90902697173a547b9e540ade416a5bf233.jpg', 'checksum': '8380125030368f1a1d8d5eda42c7d3d3', 'status': 'downloaded'}, {'url': 'https://res.cloudinary.com/lmru/image/upload/f_auto,q_auto,w_1200,h_1200,c_pad,b_white,d_photoiscoming.png/LMCode/90046678.jpg', 'path': 'full/15faacb24e50b1d9a24b75e015e8549c0fe376a2.jpg', 'checksum': 'aa3b9c9de4d68ed897cac74ed35f0b7e', 'status': 'downloaded'}, {'url': 'https://res.cloudinary.com/lmru/image/upload/f_auto,q_auto,w_600,h_600,c_pad,b_white,d_photoiscoming.png/LMCode/90046678.jpg', 'path': 'full/b275d65616d6839830d4cc23206abb151be30917.jpg', 'checksum': 'bf2d8642c3870b733b711d7e5f0ed7db', 'status': 'downloaded'}, {'url': 'https://res.cloudinary.com/lmru/image/upload/f_auto,q_auto,w_800,h_800,c_pad,b_white,d_photoiscoming.png/LMCode/90046678.jpg', 'path': 'full/5e1021a394d456214dd7f2071e324d04a5213397.jpg', 'checksum': '7b28ccb954358d456c502348b80c09f0', 'status': 'downloaded'}, {'url': 'https://res.cloudinary.com/lmru/image/upload/f_auto,q_auto,w_400,h_400,c_pad,b_white,d_photoiscoming.png/LMCode/90046678.jpg', 'path': 'full/501cca1332b4137e065b4f9e31cb6a2f08fde054.jpg', 'checksum': '9f5fa2e7c8cda7f8b187b0b241c0c71d', 'status': 'downloaded'}]",2226
,"[{'Вес, кг': '7.0', 'Страна производства': 'Россия', 'Гарантия (лет)': '0.', 'Ширина (см)': '40', 'Длина (см)': '122', 'Тип продукта': 'Гладильная доска', 'Марка': 'NIKA', 'Максимальная высота (см)': '90'}]",Гладильная доска NIKA 211333 90х122х40 см,"[{'url': 'https://res.cloudinary.com/lmru/image/upload/f_auto,q_auto,w_2000,h_2000,c_pad,b_white,d_photoiscoming.png/LMCode/90038312.jpg', 'path': 'full/bd651772b821464001a64d0359ea0718e368c220.jpg', 'checksum': '83c5a538f7d74fbd828e8aca2f02fb1c', 'status': 'downloaded'}, {'url': 'https://res.cloudinary.com/lmru/image/upload/f_auto,q_auto,w_1200,h_1200,c_pad,b_white,d_photoiscoming.png/LMCode/90038312.jpg', 'path': 'full/2b53831a45db17598ba58d91799cf550c6430367.jpg', 'checksum': '5ecec568643e98535f4cd98a7a2f5176', 'status': 'downloaded'}, {'url': 'https://res.cloudinary.com/lmru/image/upload/f_auto,q_auto,w_600,h_600,c_pad,b_white,d_photoiscoming.png/LMCode/90038312.jpg', 'path': 'full/fde14ec85f159d85c5b71606cece830ece8f67f7.jpg', 'checksum': '77dbaa4a4988089bc536fdb8c15ec2e5', 'status': 'downloaded'}, {'url': 'https://res.cloudinary.com/lmru/image/upload/f_auto,q_auto,w_800,h_800,c_pad,b_white,d_photoiscoming.png/LMCode/90038312.jpg', 'path': 'full/25bafb495c90aa8b905e388a614877a94cca27d4.jpg', 'checksum': 'baffc0fac6e3f317742c646a1468a73a', 'status': 'downloaded'}, {'url': 'https://res.cloudinary.com/lmru/image/upload/f_auto,q_auto,w_400,h_400,c_pad,b_white,d_photoiscoming.png/LMCode/90038312.jpg', 'path': 'full/c534035003d9bb21465986ec46e514d8fa3e1fd9.jpg', 'checksum': 'f394dc1ed79b27df4b413f6dc3b94398', 'status': 'downloaded'}]",2226
,"[{'Вес, кг': '7.0', 'Страна производства': 'Россия', 'Гарантия (лет)': '0.', 'Ширина (см)': '40', 'Длина (см)': '122', 'Тип продукта': 'Гладильная доска', 'Марка': 'NIKA', 'Максимальная высота (см)': '90'}]",Гладильная доска NIKA 211335 90х122х40 см,"[{'url': 'https://res.cloudinary.com/lmru/image/upload/f_auto,q_auto,w_2000,h_2000,c_pad,b_white,d_photoiscoming.png/LMCode/90038313.jpg', 'path': 'full/1a0a44dc35c33462ee61ef54452f8e063a0fb343.jpg', 'checksum': 'ef775a60e113df503c995cf8d8ee9606', 'status': 'downloaded'}, {'url': 'https://res.cloudinary.com/lmru/image/upload/f_auto,q_auto,w_1200,h_1200,c_pad,b_white,d_photoiscoming.png/LMCode/90038313.jpg', 'path': 'full/5804b657a6d501bbc097515f5547a1169bad2509.jpg', 'checksum': '8fe60aa516c064258bff63b5ab4ff6c4', 'status': 'downloaded'}, {'url': 'https://res.cloudinary.com/lmru/image/upload/f_auto,q_auto,w_600,h_600,c_pad,b_white,d_photoiscoming.png/LMCode/90038313.jpg', 'path': 'full/29eec45ea29fd2b55bfc92d22812e68700cb17ec.jpg', 'checksum': '3bd4b7f6d96fbe9250b0ddcb223b27b2', 'status': 'downloaded'}, {'url': 'https://res.cloudinary.com/lmru/image/upload/f_auto,q_auto,w_800,h_800,c_pad,b_white,d_photoiscoming.png/LMCode/90038313.jpg', 'path': 'full/bc82c7661ae2c12d49eace44afc9b02e123380fc.jpg', 'checksum': '6996c8ec04a13aaf4b36ae71eb69ced4', 'status': 'downloaded'}, {'url': 'https://res.cloudinary.com/lmru/image/upload/f_auto,q_auto,w_400,h_400,c_pad,b_white,d_photoiscoming.png/LMCode/90038313.jpg', 'path': 'full/e185cf9667fc95345a0d03326eb1d9109b26e23b.jpg', 'checksum': '6540073ccce76b31b2d3038be4bb9c8c', 'status': 'downloaded'}]",2226
,"[{'Вес, кг': '7.0', 'Страна производства': 'Россия', 'Гарантия (лет)': '0.', 'Ширина (см)': '40', 'Длина (см)': '122', 'Тип продукта': 'Гладильная доска', 'Марка': 'NIKA', 'Максимальная высота (см)': '90'}]",Гладильная доска NIKA 215517 90х122х40 см,"[{'url': 'https://res.cloudinary.com/lmru/image/upload/f_auto,q_auto,w_2000,h_2000,c_pad,b_white,d_photoiscoming.png/LMCode/90038327.jpg', 'path': 'full/053712c7f87599babbf9eec2cccf8bb4c7099c53.jpg', 'checksum': '0a48fb5ee20da9d445a3c3a0e184e018', 'status': 'downloaded'}, {'url': 'https://res.cloudinary.com/lmru/image/upload/f_auto,q_auto,w_1200,h_1200,c_pad,b_white,d_photoiscoming.png/LMCode/90038327.jpg', 'path': 'full/b3d22c85bfed1725aa4d49d74895865ee5f88b7d.jpg', 'checksum': 'e3ef227cba28f8811dab65937cb0e8ac', 'status': 'downloaded'}, {'url': 'https://res.cloudinary.com/lmru/image/upload/f_auto,q_auto,w_600,h_600,c_pad,b_white,d_photoiscoming.png/LMCode/90038327.jpg', 'path': 'full/b99ab6a0ac91dbf9a0f199f47896516e572696b7.jpg', 'checksum': 'c429f0212193524f6ba11f022e10c5cc', 'status': 'downloaded'}, {'url': 'https://res.cloudinary.com/lmru/image/upload/f_auto,q_auto,w_800,h_800,c_pad,b_white,d_photoiscoming.png/LMCode/90038327.jpg', 'path': 'full/e9e8a905cbabfe413e3dad17e8e3f909d2441231.jpg', 'checksum': 'a65cd75862086e6eaafd63b387089be5', 'status': 'downloaded'}, {'url': 'https://res.cloudinary.com/lmru/image/upload/f_auto,q_auto,w_400,h_400,c_pad,b_white,d_photoiscoming.png/LMCode/90038327.jpg', 'path': 'full/88fc704fba5a9a48520037d8e03d6d04b2b8c87a.jpg', 'checksum': '3b3d130212945629430e5c73b900918b', 'status': 'downloaded'}]",2226
,"[{'Вес, кг': '5.2', 'Страна производства': 'Россия', 'Гарантия (лет)': '0.', 'Ширина (см)': '35', 'Длина (см)': '122', 'Тип продукта': 'Гладильная доска', 'Марка': 'NIKA', 'Максимальная высота (см)': '80'}]",Гладильная доска NIKA 20732 80х122х35 см,"[{'url': 'https://res.cloudinary.com/lmru/image/upload/f_auto,q_auto,w_2000,h_2000,c_pad,b_white,d_photoiscoming.png/LMCode/90038325.jpg', 'path': 'full/3633e0b7cedbc6956da6029aa3222fe8b34f557f.jpg', 'checksum': 'd0a1f27d0466f495a30ed7838e41a8b4', 'status': 'downloaded'}, {'url': 'https://res.cloudinary.com/lmru/image/upload/f_auto,q_auto,w_1200,h_1200,c_pad,b_white,d_photoiscoming.png/LMCode/90038325.jpg', 'path': 'full/b44a0f542315a7ae9d4348bbd3902a89d18ec262.jpg', 'checksum': 'eecd961d88d18284546577979a98e4fd', 'status': 'downloaded'}, {'url': 'https://res.cloudinary.com/lmru/image/upload/f_auto,q_auto,w_600,h_600,c_pad,b_white,d_photoiscoming.png/LMCode/90038325.jpg', 'path': 'full/3dd11c2a251c5b2105a2759f855c69a8214ad3de.jpg', 'checksum': '89c2d104f056c81cd57de6d04800d409', 'status': 'downloaded'}, {'url': 'https://res.cloudinary.com/lmru/image/upload/f_auto,q_auto,w_800,h_800,c_pad,b_white,d_photoiscoming.png/LMCode/90038325.jpg', 'path': 'full/01cf23d26971cab0a189b93c5e5b7d9cfe39791e.jpg', 'checksum': '830d4767057e5d62dd2fbab79227c9fa', 'status': 'downloaded'}, {'url': 'https://res.cloudinary.com/lmru/image/upload/f_auto,q_auto,w_400,h_400,c_pad,b_white,d_photoiscoming.png/LMCode/90038325.jpg', 'path': 'full/67ac3c4c7aab62d24516251ba88a96db1993a832.jpg', 'checksum': '6c7ad6a382d81a532894164131b024af', 'status': 'downloaded'}]",1337
,"[{'Вес, кг': '6.6', 'Страна производства': 'Россия', 'Гарантия (лет)': '0.', 'Ширина (см)': '35', 'Длина (см)': '122', 'Тип продукта': 'Гладильная доска', 'Марка': 'NIKA', 'Максимальная высота (см)': '82'}]",Гладильная доска NIKA 28587 82х122х35 см,"[{'url': 'https://res.cloudinary.com/lmru/image/upload/f_auto,q_auto,w_2000,h_2000,c_pad,b_white,d_photoiscoming.png/LMCode/90038283.jpg', 'path': 'full/fbfef9cf975b82fff54a92ee024fbcb3f5c77256.jpg', 'checksum': '6b6055ba48a43d2231bd1d84c429b40b', 'status': 'downloaded'}, {'url': 'https://res.cloudinary.com/lmru/image/upload/f_auto,q_auto,w_1200,h_1200,c_pad,b_white,d_photoiscoming.png/LMCode/90038283.jpg', 'path': 'full/506abfa7c6aed05ca47897f4ea7396b35fc39b4c.jpg', 'checksum': '25334ef142c9dce8c4499509c816da42', 'status': 'downloaded'}, {'url': 'https://res.cloudinary.com/lmru/image/upload/f_auto,q_auto,w_600,h_600,c_pad,b_white,d_photoiscoming.png/LMCode/90038283.jpg', 'path': 'full/ebde2cd82ac19d4006f0328c22680d387d59c7a6.jpg', 'checksum': 'b169b8d0324168b7e73efdb7002c7b9e', 'status': 'downloaded'}, {'url': 'https://res.cloudinary.com/lmru/image/upload/f_auto,q_auto,w_800,h_800,c_pad,b_white,d_photoiscoming.png/LMCode/90038283.jpg', 'path': 'full/3469c52c83eb5e7b5c6a473158a63a1363d84255.jpg', 'checksum': '2d5e051b9a9bfb3260279af006175e7b', 'status': 'downloaded'}, {'url': 'https://res.cloudinary.com/lmru/image/upload/f_auto,q_auto,w_400,h_400,c_pad,b_white,d_photoiscoming.png/LMCode/90038283.jpg', 'path': 'full/88c5bccbbc63eec3f50c5b2a279eddf65bcd893e.jpg', 'checksum': 'ea8ba8d8fa5d51a4b5dc2a74f9d6e6f2', 'status': 'downloaded'}]",1815
,"[{'Вес, кг': '7.0', 'Страна производства': 'Россия', 'Гарантия (лет)': '0.', 'Ширина (см)': '40', 'Длина (см)': '122', 'Тип продукта': 'Гладильная доска', 'Марка': 'NIKA', 'Максимальная высота (см)': '90'}]",Гладильная доска NIKA 211290 90х122х40 см,"[{'url': 'https://res.cloudinary.com/lmru/image/upload/f_auto,q_auto,w_2000,h_2000,c_pad,b_white,d_photoiscoming.png/LMCode/90038315.jpg', 'path': 'full/631575cc40c9227430f9aaca18e6e770537f3ad8.jpg', 'checksum': 'b059decb3621d1e64fc18a8e711b3117', 'status': 'downloaded'}, {'url': 'https://res.cloudinary.com/lmru/image/upload/f_auto,q_auto,w_1200,h_1200,c_pad,b_white,d_photoiscoming.png/LMCode/90038315.jpg', 'path': 'full/5d9b26b1609220c3dfdfc8be4cbb3185171dcf42.jpg', 'checksum': '8d17c1313d251f06e2e34e183d411229', 'status': 'downloaded'}, {'url': 'https://res.cloudinary.com/lmru/image/upload/f_auto,q_auto,w_600,h_600,c_pad,b_white,d_photoiscoming.png/LMCode/90038315.jpg', 'path': 'full/5112449c0dc213d90dbc3caa41122b0f40d78553.jpg', 'checksum': '54969d1bce2b8a4cd3740927d3322cad', 'status': 'downloaded'}, {'url': 'https://res.cloudinary.com/lmru/image/upload/f_auto,q_auto,w_800,h_800,c_pad,b_white,d_photoiscoming.png/LMCode/90038315.jpg', 'path': 'full/d7e61c27634aa5095d16c59ae320c706ca9066ab.jpg', 'checksum': '53bcf363c2c33ece6cea618ff1607f24', 'status': 'downloaded'}, {'url': 'https://res.cloudinary.com/lmru/image/upload/f_auto,q_auto,w_400,h_400,c_pad,b_white,d_photoiscoming.png/LMCode/90038315.jpg', 'path': 'full/c964876a14493a2ecbe5a28025dc1bca134d27bd.jpg', 'checksum': 'a707c62c72bb633dbe14ee52cd02bf94', 'status': 'downloaded'}]",2433
,"[{'Вес, кг': '3.4', 'Страна производства': 'Украина', 'Гарантия (лет)': '0.', 'Ширина (см)': '30', 'Длина (см)': '110', 'Тип продукта': 'Гладильная доска', 'Марка': 'EUROGOLD', 'Максимальная высота (см)': '90'}]","Доска Гладильная  C1 ""Johnny Plexus Lime"" 110 Х 30 См (1)  Металл.Сетка ""Eurogold""","[{'url': 'https://res.cloudinary.com/lmru/image/upload/f_auto,q_auto,w_2000,h_2000,c_pad,b_white,d_photoiscoming.png/LMCode/90038263.jpg', 'path': 'full/7d7ce1d87c6179aa43bd47b528e8b718d457105e.jpg', 'checksum': '8d6fe642f42b547ca20d14c680fa9713', 'status': 'downloaded'}, {'url': 'https://res.cloudinary.com/lmru/image/upload/f_auto,q_auto,w_1200,h_1200,c_pad,b_white,d_photoiscoming.png/LMCode/90038263.jpg', 'path': 'full/9fffddb93843d50dd903f77e8e71e0ad2651e85e.jpg', 'checksum': '5c0471472ff4013d4a8ce4e5534614cd', 'status': 'downloaded'}, {'url': 'https://res.cloudinary.com/lmru/image/upload/f_auto,q_auto,w_600,h_600,c_pad,b_white,d_photoiscoming.png/LMCode/90038263.jpg', 'path': 'full/669cf32fa749b01c246174c0f5c830f84c3f70cb.jpg', 'checksum': 'f8c59ce22a04c2643f37ff46bce9cba3', 'status': 'downloaded'}, {'url': 'https://res.cloudinary.com/lmru/image/upload/f_auto,q_auto,w_800,h_800,c_pad,b_white,d_photoiscoming.png/LMCode/90038263.jpg', 'path': 'full/3e8aee2f55bb3154b0913782112af39f62fa06b5.jpg', 'checksum': 'e70b9393b83aee4b46cac9a220d75aca', 'status': 'downloaded'}, {'url': 'https://res.cloudinary.com/lmru/image/upload/f_auto,q_auto,w_400,h_400,c_pad,b_white,d_photoiscoming.png/LMCode/90038263.jpg', 'path': 'full/c475fd52011344bcc1118d88224a3fdb29972a81.jpg', 'checksum': 'a9e86856845b0faccc3876d5be19c1a5', 'status': 'downloaded'}]",2207
,"[{'Вес, кг': '7.0', 'Страна производства': 'Россия', 'Гарантия (лет)': '0.', 'Ширина (см)': '40', 'Длина (см)': '122', 'Тип продукта': 'Гладильная доска', 'Марка': 'NIKA', 'Максимальная высота (см)': '90'}]",Гладильная доска NIKA 211289 90х122х40 см,"[{'url': 'https://res.cloudinary.com/lmru/image/upload/f_auto,q_auto,w_2000,h_2000,c_pad,b_white,d_photoiscoming.png/LMCode/90038314.jpg', 'path': 'full/044f5a2d050d61dd1d2343de7c242585727c6fd8.jpg', 'checksum': '4c9e6c13055d80105a0d4106f13d2a0b', 'status': 'downloaded'}, {'url': 'https://res.cloudinary.com/lmru/image/upload/f_auto,q_auto,w_1200,h_1200,c_pad,b_white,d_photoiscoming.png/LMCode/90038314.jpg', 'path': 'full/f2de7d260a363a782a928f30961d31ec997b11f2.jpg', 'checksum': '567c14b74da19dfd6dac2879c22e2d9f', 'status': 'downloaded'}, {'url': 'https://res.cloudinary.com/lmru/image/upload/f_auto,q_auto,w_600,h_600,c_pad,b_white,d_photoiscoming.png/LMCode/90038314.jpg', 'path': 'full/e6ac21e5909041dc9fc478325b07c21f6ae9cad3.jpg', 'checksum': '45e43449e2498edad381bb2e00f5ce3d', 'status': 'downloaded'}, {'url': 'https://res.cloudinary.com/lmru/image/upload/f_auto,q_auto,w_800,h_800,c_pad,b_white,d_photoiscoming.png/LMCode/90038314.jpg', 'path': 'full/1f8654ebad1e93742f9f776b7735f111354ab1eb.jpg', 'checksum': '3eeaef6a67424655acedf9f81413af58', 'status': 'downloaded'}, {'url': 'https://res.cloudinary.com/lmru/image/upload/f_auto,q_auto,w_400,h_400,c_pad,b_white,d_photoiscoming.png/LMCode/90038314.jpg', 'path': 'full/577f93e97c09efc824761186ba175db4c00fa6c3.jpg', 'checksum': '292dc324ac78dcbd2288079ceea26a5c', 'status': 'downloaded'}]",2433
,"[{'Вес, кг': '7.0', 'Страна производства': 'Россия', 'Гарантия (лет)': '0.', 'Ширина (см)': '40', 'Длина (см)': '122', 'Тип продукта': 'Гладильная доска', 'Марка': 'NIKA', 'Максимальная высота (см)': '90'}]",Гладильная доска NIKA 211291 90х122х40 см,"[{'url': 'https://res.cloudinary.com/lmru/image/upload/f_auto,q_auto,w_2000,h_2000,c_pad,b_white,d_photoiscoming.png/LMCode/90038317.jpg', 'path': 'full/4512558d10fe6c20d64c0317fe4fd288fe7be906.jpg', 'checksum': 'fcd5b4851f0f4b4eca3b47273de20bab', 'status': 'downloaded'}, {'url': 'https://res.cloudinary.com/lmru/image/upload/f_auto,q_auto,w_1200,h_1200,c_pad,b_white,d_photoiscoming.png/LMCode/90038317.jpg', 'path': 'full/5fa911615908b7e9ee17634c7f99507d656f0420.jpg', 'checksum': 'ed358e7e73113ce50eff48dc8d1048ef', 'status': 'downloaded'}, {'url': 'https://res.cloudinary.com/lmru/image/upload/f_auto,q_auto,w_600,h_600,c_pad,b_white,d_photoiscoming.png/LMCode/90038317.jpg', 'path': 'full/29fe83b4a2f7b4d25d1bd5ce50f4c73c4893bc08.jpg', 'checksum': '8d66fa9f543f3171facf0d995dcbec43', 'status': 'downloaded'}, {'url': 'https://res.cloudinary.com/lmru/image/upload/f_auto,q_auto,w_800,h_800,c_pad,b_white,d_photoiscoming.png/LMCode/90038317.jpg', 'path': 'full/285d58dd8c37c7b7dde8914e4b9b1c94bbf1e9f1.jpg', 'checksum': 'd868cde025412ea9f5ea9aac9a0659a1', 'status': 'downloaded'}, {'url': 'https://res.cloudinary.com/lmru/image/upload/f_auto,q_auto,w_400,h_400,c_pad,b_white,d_photoiscoming.png/LMCode/90038317.jpg', 'path': 'full/589682066443c23bcb03849295aee6024ed8760e.jpg', 'checksum': '032668828ad20ef3b16d287edfd750a9', 'status': 'downloaded'}]",2433
,"[{'Вес, кг': '7.0', 'Страна производства': 'Россия', 'Гарантия (лет)': '0.', 'Ширина (см)': '40', 'Длина (см)': '122', 'Тип продукта': 'Гладильная доска', 'Марка': 'NIKA', 'Максимальная высота (см)': '90'}]",Гладильная доска NIKA 211292 90х122х40 см,"[{'url': 'https://res.cloudinary.com/lmru/image/upload/f_auto,q_auto,w_2000,h_2000,c_pad,b_white,d_photoiscoming.png/LMCode/90038316.jpg', 'path': 'full/6b86f831f37360e3939e5f219925a6212c16de75.jpg', 'checksum': '537d13025224244cb437d1149061c2ca', 'status': 'downloaded'}, {'url': 'https://res.cloudinary.com/lmru/image/upload/f_auto,q_auto,w_1200,h_1200,c_pad,b_white,d_photoiscoming.png/LMCode/90038316.jpg', 'path': 'full/dbf7f51a48f6f9dbb3d3882fdeed98be40eb623e.jpg', 'checksum': 'e0e2821045f8574eeb9d8aebf7cbb968', 'status': 'downloaded'}, {'url': 'https://res.cloudinary.com/lmru/image/upload/f_auto,q_auto,w_600,h_600,c_pad,b_white,d_photoiscoming.png/LMCode/90038316.jpg', 'path': 'full/00148ac8b1d5fcc0d91e9e2d687ba8e45827ebc6.jpg', 'checksum': 'f6a28037b7e409a4b40acf8fa8eaeda4', 'status': 'downloaded'}, {'url': 'https://res.cloudinary.com/lmru/image/upload/f_auto,q_auto,w_800,h_800,c_pad,b_white,d_photoiscoming.png/LMCode/90038316.jpg', 'path': 'full/afbed9e31c557d4a596e00d34a3591f345ed4e57.jpg', 'checksum': '391be8eff2c93e9e37ff043816a3f558', 'status': 'downloaded'}, {'url': 'https://res.cloudinary.com/lmru/image/upload/f_auto,q_auto,w_400,h_400,c_pad,b_white,d_photoiscoming.png/LMCode/90038316.jpg', 'path': 'full/00a37dfb62bfda6540ac0f21ef8162bfc62ab38b.jpg', 'checksum': 'eb1c4d741bb08d131bef242c024b2f8f', 'status': 'downloaded'}]",2433
,"[{'Вес, кг': '3.4', 'Страна производства': 'Украина', 'Гарантия (лет)': '0.', 'Ширина (см)': '30', 'Длина (см)': '110', 'Тип продукта': 'Гладильная доска', 'Марка': 'EUROGOLD', 'Максимальная высота (см)': '90'}]","Доска Гладильная  C3 ""Johnny Plexus Grey"" 110 Х 30 См (1)  Металл.Сетка ""Eurogold""","[{'url': 'https://res.cloudinary.com/lmru/image/upload/f_auto,q_auto,w_2000,h_2000,c_pad,b_white,d_photoiscoming.png/LMCode/90038264.jpg', 'path': 'full/4c716f492cca0a200cdc8039a38b6e1ea32df0af.jpg', 'checksum': '349d1888e2f258fd2c6c79decadd5bc9', 'status': 'downloaded'}, {'url': 'https://res.cloudinary.com/lmru/image/upload/f_auto,q_auto,w_1200,h_1200,c_pad,b_white,d_photoiscoming.png/LMCode/90038264.jpg', 'path': 'full/d505dc694bb0e3b42fcdfbaaa923c19d57a501a6.jpg', 'checksum': '88656631640031de6076f0965b1d4429', 'status': 'downloaded'}, {'url': 'https://res.cloudinary.com/lmru/image/upload/f_auto,q_auto,w_600,h_600,c_pad,b_white,d_photoiscoming.png/LMCode/90038264.jpg', 'path': 'full/70e5b9b546d7d41adf9c96c7338c2a842ca56899.jpg', 'checksum': 'ce2be7e8d849c8ec31b7366e5f2c0447', 'status': 'downloaded'}, {'url': 'https://res.cloudinary.com/lmru/image/upload/f_auto,q_auto,w_800,h_800,c_pad,b_white,d_photoiscoming.png/LMCode/90038264.jpg', 'path': 'full/32524fdd0950b8c4cbacefb4ec91840f492240a9.jpg', 'checksum': '8f39040b6016753e9bcf3b34e59e2398', 'status': 'downloaded'}, {'url': 'https://res.cloudinary.com/lmru/image/upload/f_auto,q_auto,w_400,h_400,c_pad,b_white,d_photoiscoming.png/LMCode/90038264.jpg', 'path': 'full/1a37bc0da5e250f176739f8a0589c9aa50629677.jpg', 'checksum': '82c86ffe6da8db9070942ccfb61d8341', 'status': 'downloaded'}]",2207
,"[{'Вес, кг': '7.0', 'Страна производства': 'Россия', 'Гарантия (лет)': '1.', 'Цветовая палитра': 'Красный', 'Ширина (см)': '36.5', 'Длина (см)': '120', 'Тип продукта': 'Гладильная доска', 'Марка': 'АЛТАЙСКИЙ МЕТАЛЛИСТ', 'Максимальная высота (см)': '80'}]","Доска гладильная Алтайский Металлист АЛТ43 36.5х120 см, цвет красный","[{'url': 'https://res.cloudinary.com/lmru/image/upload/f_auto,q_auto,w_2000,h_2000,c_pad,b_white,d_photoiscoming.png/LMCode/92708833.jpg', 'path': 'full/9dce85f83d96c9715a2bc225e16a3ebc32d9caf1.jpg', 'checksum': '2e2f3feb73da229d600500764d6cbed9', 'status': 'downloaded'}, {'url': 'https://res.cloudinary.com/lmru/image/upload/f_auto,q_auto,w_1200,h_1200,c_pad,b_white,d_photoiscoming.png/LMCode/92708833.jpg', 'path': 'full/68ec8f687907a77e983d5894732eacd6a4fa56a9.jpg', 'checksum': '2180ded90aedd546955d9b7675b1e206', 'status': 'downloaded'}, {'url': 'https://res.cloudinary.com/lmru/image/upload/f_auto,q_auto,w_600,h_600,c_pad,b_white,d_photoiscoming.png/LMCode/92708833.jpg', 'path': 'full/5f9d15e553c903e102f69b725015f31827a78165.jpg', 'checksum': '14182818038575143826c5fd5f4b24ec', 'status': 'downloaded'}, {'url': 'https://res.cloudinary.com/lmru/image/upload/f_auto,q_auto,w_800,h_800,c_pad,b_white,d_photoiscoming.png/LMCode/92708833.jpg', 'path': 'full/2501ada2b4e8d45c27dbd258e3e832e106e681a2.jpg', 'checksum': '144d030a91c1d8a6dbd3625730a95618', 'status': 'downloaded'}, {'url': 'https://res.cloudinary.com/lmru/image/upload/f_auto,q_auto,w_400,h_400,c_pad,b_white,d_photoiscoming.png/LMCode/92708833.jpg', 'path': 'full/6dd42be0d22ba732b13863e6ab6377053288d284.jpg', 'checksum': '2c555b27db03cbde30ebb34f880f3467', 'status': 'downloaded'}]",2245
,"[{'Вес, кг': '7.0', 'Страна производства': 'Россия', 'Гарантия (лет)': '0.', 'Ширина (см)': '40', 'Длина (см)': '122', 'Тип продукта': 'Гладильная доска', 'Марка': 'NIKA', 'Максимальная высота (см)': '90'}]",Гладильная доска NIKA 215518 90х122х40 см,"[{'url': 'https://res.cloudinary.com/lmru/image/upload/f_auto,q_auto,w_2000,h_2000,c_pad,b_white,d_photoiscoming.png/LMCode/90038328.jpg', 'path': 'full/50c2cba7b9a638188ffc94cfb4f4a1e8d999032f.jpg', 'checksum': 'b0abbfe34d2041b0cd6d39bf55ec2e17', 'status': 'downloaded'}, {'url': 'https://res.cloudinary.com/lmru/image/upload/f_auto,q_auto,w_1200,h_1200,c_pad,b_white,d_photoiscoming.png/LMCode/90038328.jpg', 'path': 'full/eaf507cb1d13b67736fc7882172cf1c51900eed5.jpg', 'checksum': '05c05cae0b0ff0ec0f74dde59dce7d5f', 'status': 'downloaded'}, {'url': 'https://res.cloudinary.com/lmru/image/upload/f_auto,q_auto,w_600,h_600,c_pad,b_white,d_photoiscoming.png/LMCode/90038328.jpg', 'path': 'full/2d8c1d98c2e9a9873490edd070fa8d2198e45ff3.jpg', 'checksum': '4e01bf16f44042fa91361e4e73ecb32d', 'status': 'downloaded'}, {'url': 'https://res.cloudinary.com/lmru/image/upload/f_auto,q_auto,w_800,h_800,c_pad,b_white,d_photoiscoming.png/LMCode/90038328.jpg', 'path': 'full/eda3bebb542418e289b9dc37ae8e93f3c1536016.jpg', 'checksum': '801928489faaf4ea7fd4594579d227ed', 'status': 'downloaded'}, {'url': 'https://res.cloudinary.com/lmru/image/upload/f_auto,q_auto,w_400,h_400,c_pad,b_white,d_photoiscoming.png/LMCode/90038328.jpg', 'path': 'full/e29b9dfb4ada7947191833a922389ef5e4a0e6bb.jpg', 'checksum': '77699eee7fc9780121842033ba448a73', 'status': 'downloaded'}]",2226
,"[{'Вес, кг': '3.4', 'Страна производства': 'Украина', 'Гарантия (лет)': '0.', 'Ширина (см)': '30', 'Длина (см)': '110', 'Тип продукта': 'Гладильная доска', 'Марка': 'EUROGOLD', 'Максимальная высота (см)': '90'}]","Доска Гладильная  A1 ""Ok Dots"" 110 Х 30 См (1)  Дсп ""Eurogold""","[{'url': 'https://res.cloudinary.com/lmru/image/upload/f_auto,q_auto,w_2000,h_2000,c_pad,b_white,d_photoiscoming.png/LMCode/90038258.jpg', 'path': 'full/fe81c55d6eed9188983b3a0dd74bbde043856b1d.jpg', 'checksum': '131af892a2cd8862d4d5944c4ab8cb7a', 'status': 'downloaded'}, {'url': 'https://res.cloudinary.com/lmru/image/upload/f_auto,q_auto,w_1200,h_1200,c_pad,b_white,d_photoiscoming.png/LMCode/90038258.jpg', 'path': 'full/d459186b7ce306520d0a49cbf4f634dd43167987.jpg', 'checksum': '40006411eb484116e64a768a422ca3bc', 'status': 'downloaded'}, {'url': 'https://res.cloudinary.com/lmru/image/upload/f_auto,q_auto,w_600,h_600,c_pad,b_white,d_photoiscoming.png/LMCode/90038258.jpg', 'path': 'full/7e45cf70aa3d0f5086712e578822853137531100.jpg', 'checksum': '2e7e4ba554f45f48030d540c83e9256b', 'status': 'downloaded'}, {'url': 'https://res.cloudinary.com/lmru/image/upload/f_auto,q_auto,w_800,h_800,c_pad,b_white,d_photoiscoming.png/LMCode/90038258.jpg', 'path': 'full/68dd63d25f63d0a0d3c4a425a7bfbc463c8c41f4.jpg', 'checksum': '04912ab41bc39a43f1863ed88c9f8e81', 'status': 'downloaded'}, {'url': 'https://res.cloudinary.com/lmru/image/upload/f_auto,q_auto,w_400,h_400,c_pad,b_white,d_photoiscoming.png/LMCode/90038258.jpg', 'path': 'full/322622536922131aa607ac58346c5075804c2957.jpg', 'checksum': 'ae877e9b30504505558c5fe82221ecca', 'status': 'downloaded'}]",1500
,"[{'Вес, кг': '3.4', 'Страна производства': 'Украина', 'Гарантия (лет)': '0.', 'Ширина (см)': '30', 'Длина (см)': '110', 'Тип продукта': 'Гладильная доска', 'Марка': 'EUROGOLD', 'Максимальная высота (см)': '90'}]","Доска Гладильная  A2 ""Ok Spring Flowers"" 110 Х 30 См (1)  Дсп ""Eurogold""","[{'url': 'https://res.cloudinary.com/lmru/image/upload/f_auto,q_auto,w_2000,h_2000,c_pad,b_white,d_photoiscoming.png/LMCode/90038259.jpg', 'path': 'full/c74ac6390fd4be01885b050fa711a9eec500f186.jpg', 'checksum': '8efc0f0b7d0aaad2e81c0ca79e393ba4', 'status': 'downloaded'}, {'url': 'https://res.cloudinary.com/lmru/image/upload/f_auto,q_auto,w_1200,h_1200,c_pad,b_white,d_photoiscoming.png/LMCode/90038259.jpg', 'path': 'full/df61441803d057b3ec7154400958504e4f496d65.jpg', 'checksum': '858ac3b3babff7bd3049f1128ba681c1', 'status': 'downloaded'}, {'url': 'https://res.cloudinary.com/lmru/image/upload/f_auto,q_auto,w_600,h_600,c_pad,b_white,d_photoiscoming.png/LMCode/90038259.jpg', 'path': 'full/6a6ebc6da9243e653e510af64d271459d5092f66.jpg', 'checksum': '90a910b0c47a46408b54df67a9b67b7d', 'status': 'downloaded'}, {'url': 'https://res.cloudinary.com/lmru/image/upload/f_auto,q_auto,w_800,h_800,c_pad,b_white,d_photoiscoming.png/LMCode/90038259.jpg', 'path': 'full/4c3513eb68b35be932fa02e0fa43a9a494ccbec8.jpg', 'checksum': 'a0bcfca239f57e804d94d0799154c277', 'status': 'downloaded'}, {'url': 'https://res.cloudinary.com/lmru/image/upload/f_auto,q_auto,w_400,h_400,c_pad,b_white,d_photoiscoming.png/LMCode/90038259.jpg', 'path': 'full/4b42d382eebc7e407366df17e9d7d4263acfdef0.jpg', 'checksum': 'bedfaafa935d0e51ebb022299de4bddc', 'status': 'downloaded'}]",1500
,"[{'Вес, кг': '5.5', 'Страна производства': 'Украина', 'Гарантия (лет)': '0.', 'Ширина (см)': '38', 'Длина (см)': '120', 'Тип продукта': 'Гладильная доска', 'Марка': 'EUROGOLD', 'Максимальная высота (см)': '90'}]","Доска Гладильная  A3 ""Ok Plus Diagon Peach"" 120 Х 38 См (1)  Дсп ""Eurogold""","[{'url': 'https://res.cloudinary.com/lmru/image/upload/f_auto,q_auto,w_2000,h_2000,c_pad,b_white,d_photoiscoming.png/LMCode/90038260.jpg', 'path': 'full/191a9e6e701c50988c6e8efb0717cbed963c4ca3.jpg', 'checksum': '74115aa0b1a7bab196e9c0e5718bb65c', 'status': 'downloaded'}, {'url': 'https://res.cloudinary.com/lmru/image/upload/f_auto,q_auto,w_1200,h_1200,c_pad,b_white,d_photoiscoming.png/LMCode/90038260.jpg', 'path': 'full/e0882e655f35291eaa3e38b9c4b7f48fb064c24c.jpg', 'checksum': '23654d64c906942ca8ed90f50a744de5', 'status': 'downloaded'}, {'url': 'https://res.cloudinary.com/lmru/image/upload/f_auto,q_auto,w_600,h_600,c_pad,b_white,d_photoiscoming.png/LMCode/90038260.jpg', 'path': 'full/78cac382b3d13e059478ce99f281bd9069476228.jpg', 'checksum': 'f55884f3ca683196dcc933e73b551814', 'status': 'downloaded'}, {'url': 'https://res.cloudinary.com/lmru/image/upload/f_auto,q_auto,w_800,h_800,c_pad,b_white,d_photoiscoming.png/LMCode/90038260.jpg', 'path': 'full/171ad8a7f6e03777bfc81c189fa14cd6b89c2484.jpg', 'checksum': '7857b1132206ac357b0bce103aa6784c', 'status': 'downloaded'}, {'url': 'https://res.cloudinary.com/lmru/image/upload/f_auto,q_auto,w_400,h_400,c_pad,b_white,d_photoiscoming.png/LMCode/90038260.jpg', 'path': 'full/19190028071bfa6e2a839e383226fce9d325faf8.jpg', 'checksum': 'e639724107c655a1474dababce430a0d', 'status': 'downloaded'}]",1708
,"[{'Вес, кг': '7.0', 'Страна производства': 'Россия', 'Гарантия (лет)': '0.', 'Ширина (см)': '40', 'Длина (см)': '122', 'Тип продукта': 'Гладильная доска', 'Марка': 'NIKA', 'Максимальная высота (см)': '90'}]",Гладильная доска NIKA 211334 90х122х40 см,"[{'url': 'https://res.cloudinary.com/lmru/image/upload/f_auto,q_auto,w_2000,h_2000,c_pad,b_white,d_photoiscoming.png/LMCode/90038311.jpg', 'path': 'full/e78df75de5299073f96f96faab9c64cced9d02c0.jpg', 'checksum': 'e00e61a3297450caa2a55180f7330940', 'status': 'downloaded'}, {'url': 'https://res.cloudinary.com/lmru/image/upload/f_auto,q_auto,w_1200,h_1200,c_pad,b_white,d_photoiscoming.png/LMCode/90038311.jpg', 'path': 'full/8ec149d4204b652b71922feb60f2ce5af687ac54.jpg', 'checksum': 'cb0764611db3480018915247de256e88', 'status': 'downloaded'}, {'url': 'https://res.cloudinary.com/lmru/image/upload/f_auto,q_auto,w_600,h_600,c_pad,b_white,d_photoiscoming.png/LMCode/90038311.jpg', 'path': 'full/d4e31f0e0dc1acbbc5253420a09ba96e67055d5a.jpg', 'checksum': 'e15b869be666d60bcb0b1501f69a40f2', 'status': 'downloaded'}, {'url': 'https://res.cloudinary.com/lmru/image/upload/f_auto,q_auto,w_800,h_800,c_pad,b_white,d_photoiscoming.png/LMCode/90038311.jpg', 'path': 'full/31e68935a504f3e86dc28a9e43a2b28907eef62c.jpg', 'checksum': '2cad899e6f4a9f8aa807052a5ed04e5d', 'status': 'downloaded'}, {'url': 'https://res.cloudinary.com/lmru/image/upload/f_auto,q_auto,w_400,h_400,c_pad,b_white,d_photoiscoming.png/LMCode/90038311.jpg', 'path': 'full/72f0dd6e6fd02cd9d06920224c2a77452c01a5c2.jpg', 'checksum': 'a03e5a3b3dc93cbf32577a2cf3b5d3c3', 'status': 'downloaded'}]",2226
,"[{'Вес, кг': '6.1', 'Страна производства': 'Россия', 'Гарантия (лет)': '0.', 'Ширина (см)': '38', 'Длина (см)': '122', 'Тип продукта': 'Гладильная доска', 'Марка': 'NIKA', 'Максимальная высота (см)': '82'}]",Гладильная доска NIKA 20733 82х122х38 см,"[{'url': 'https://res.cloudinary.com/lmru/image/upload/f_auto,q_auto,w_2000,h_2000,c_pad,b_white,d_photoiscoming.png/LMCode/90038285.jpg', 'path': 'full/8d19774f2b249f59c12ddc4492a275f341a23b90.jpg', 'checksum': '86a3a867382f937ba5adb9f46ab4d484', 'status': 'downloaded'}, {'url': 'https://res.cloudinary.com/lmru/image/upload/f_auto,q_auto,w_1200,h_1200,c_pad,b_white,d_photoiscoming.png/LMCode/90038285.jpg', 'path': 'full/c7c73976d237cb307aabb7c802ee82d3be093189.jpg', 'checksum': '9e2f738d915dc08900d9694c6fee20e5', 'status': 'downloaded'}, {'url': 'https://res.cloudinary.com/lmru/image/upload/f_auto,q_auto,w_600,h_600,c_pad,b_white,d_photoiscoming.png/LMCode/90038285.jpg', 'path': 'full/d43cd0ac3f4713ae135f686bde8db33b5d1b45fd.jpg', 'checksum': '455baf6ff3d15781318071319034e493', 'status': 'downloaded'}, {'url': 'https://res.cloudinary.com/lmru/image/upload/f_auto,q_auto,w_800,h_800,c_pad,b_white,d_photoiscoming.png/LMCode/90038285.jpg', 'path': 'full/9df1b05e54816da07f31a02f114210b17f25909c.jpg', 'checksum': 'cbdcf92f1dbb7f73a07d9a5b2dbba9e8', 'status': 'downloaded'}, {'url': 'https://res.cloudinary.com/lmru/image/upload/f_auto,q_auto,w_400,h_400,c_pad,b_white,d_photoiscoming.png/LMCode/90038285.jpg', 'path': 'full/4cc846cf61e8d039253bbb7c773d6705cb6a6079.jpg', 'checksum': '4b55f33442b0b13a2342efd62415fc5e', 'status': 'downloaded'}]",1713
,"[{'Вес, кг': '1.905', 'Страна производства': 'Россия', 'Гарантия (лет)': '0.5', 'Цветовая палитра': 'Разноцветный', 'Модель продукта': 'Доска настольная гладильная', 'Ширина (см)': '29.0', 'Длина (см)': '74.0', 'Тип продукта': 'Гладильная доска', 'Марка': 'ZALGER', 'Регулируемая высота (см х см)': '17х17', 'Максимальная высота (см)': '17.0', 'Тип упаковки': 'Термоусадочная упаковка'}]",Гладильная доска Colibri настольная,"[{'url': 'https://res.cloudinary.com/lmru/image/upload/f_auto,q_auto,w_2000,h_2000,c_pad,b_white,d_photoiscoming.png/LMCode/82905434.jpg', 'path': 'full/4fdbab2367b4a30f34625542be94f06ea9b36a09.jpg', 'checksum': 'd00a58f69813489c34e3be70d7dcbd74', 'status': 'downloaded'}, {'url': 'https://res.cloudinary.com/lmru/image/upload/f_auto,q_auto,w_1200,h_1200,c_pad,b_white,d_photoiscoming.png/LMCode/82905434.jpg', 'path': 'full/99f0ea034461949d83ab97e7d9087a0a6c8df58c.jpg', 'checksum': 'ce3566dd169a576dfeb97d99ce26d0b2', 'status': 'downloaded'}, {'url': 'https://res.cloudinary.com/lmru/image/upload/f_auto,q_auto,w_600,h_600,c_pad,b_white,d_photoiscoming.png/LMCode/82905434.jpg', 'path': 'full/ef97ca2c82dbe51fcd9fa7d53ec3c8701513165a.jpg', 'checksum': 'b84b3616851cd5c9f62f2d437a9d28d1', 'status': 'downloaded'}, {'url': 'https://res.cloudinary.com/lmru/image/upload/f_auto,q_auto,w_800,h_800,c_pad,b_white,d_photoiscoming.png/LMCode/82905434.jpg', 'path': 'full/82933c94ca6038f07b2e7e8acab025205dcd2ac1.jpg', 'checksum': '9cbc899d6a0202bc135df39a8b998d24', 'status': 'downloaded'}, {'url': 'https://res.cloudinary.com/lmru/image/upload/f_auto,q_auto,w_400,h_400,c_pad,b_white,d_photoiscoming.png/LMCode/82905434.jpg', 'path': 'full/6e3c24e0899e80d4d264c0c73b4ff7b240cd6cb2.jpg', 'checksum': 'e709088fe2bf8f0085c7271ff60d5b94', 'status': 'downloaded'}]",464
,"[{'Вес, кг': '3.2', 'Страна производства': 'Россия', 'Гарантия (лет)': '0.', 'Ширина (см)': '11', 'Длина (см)': '34', 'Тип продукта': 'Гладильная доска', 'Марка': 'NIKA', 'Максимальная высота (см)': '80'}]",Гладильная доска Nika Белль NK008,"[{'url': 'https://res.cloudinary.com/lmru/image/upload/f_auto,q_auto,w_2000,h_2000,c_pad,b_white,d_photoiscoming.png/LMCode/93850227.jpg', 'path': 'full/d63e041dea9950ac45e93f928d2328d2dee57030.jpg', 'checksum': 'd131fc4439315bb90502a11c4484d7a6', 'status': 'downloaded'}, {'url': 'https://res.cloudinary.com/lmru/image/upload/f_auto,q_auto,w_1200,h_1200,c_pad,b_white,d_photoiscoming.png/LMCode/93850227.jpg', 'path': 'full/22ac1d2d7b3fe1612214dbf5c6a6d8971cf0e236.jpg', 'checksum': '8f9eb679a41db2926874d09adf257808', 'status': 'downloaded'}, {'url': 'https://res.cloudinary.com/lmru/image/upload/f_auto,q_auto,w_600,h_600,c_pad,b_white,d_photoiscoming.png/LMCode/93850227.jpg', 'path': 'full/efe323dcc3da5809e7e9feffa2384e81750b9049.jpg', 'checksum': '8e46f3c59dc51681896c42d2373de032', 'status': 'downloaded'}, {'url': 'https://res.cloudinary.com/lmru/image/upload/f_auto,q_auto,w_800,h_800,c_pad,b_white,d_photoiscoming.png/LMCode/93850227.jpg', 'path': 'full/607b71312ffeb9a8c6ab29320389eb6b54e914e9.jpg', 'checksum': 'a7ad866551bc4fb4eb96b020df75fc0b', 'status': 'downloaded'}, {'url': 'https://res.cloudinary.com/lmru/image/upload/f_auto,q_auto,w_400,h_400,c_pad,b_white,d_photoiscoming.png/LMCode/93850227.jpg', 'path': 'full/e62b31de1a1ea4ada9038ca05605b2e8c4fdbacb.jpg', 'checksum': '7dcadddadb86b6da3a9187c249c5066f', 'status': 'downloaded'}, {'url': 'https://res.cloudinary.com/lmru/image/upload/f_auto,q_auto,w_2000,h_2000,c_pad,b_white,d_photoiscoming.png/LMCode/93850227_01.jpg', 'path': 'full/b690c1688c4bac4636c7da2b2efa4864e748ec2c.jpg', 'checksum': '50fe17894074395556ff82ced15a9417', 'status': 'downloaded'}, {'url': 'https://res.cloudinary.com/lmru/image/upload/f_auto,q_auto,w_1200,h_1200,c_pad,b_white,d_photoiscoming.png/LMCode/93850227_01.jpg', 'path': 'full/dddcbb86ca46d1ff19d994e29c7dea3735b31bea.jpg', 'checksum': '809693d935b60f79cc169a606e5d6801', 'status': 'downloaded'}, {'url': 'https://res.cloudinary.com/lmru/image/upload/f_auto,q_auto,w_600,h_600,c_pad,b_white,d_photoiscoming.png/LMCode/93850227_01.jpg', 'path': 'full/0fb0a92bf8c132d3f9f3b123f839a6b27af19654.jpg', 'checksum': '72ad007a397483fd318f07cbe25805d9', 'status': 'downloaded'}, {'url': 'https://res.cloudinary.com/lmru/image/upload/f_auto,q_auto,w_800,h_800,c_pad,b_white,d_photoiscoming.png/LMCode/93850227_01.jpg', 'path': 'full/63f71fe423965120aeb75a29e0c32d1c17423148.jpg', 'checksum': '322040b2161c82a1486b8ef45313052b', 'status': 'downloaded'}, {'url': 'https://res.cloudinary.com/lmru/image/upload/f_auto,q_auto,w_400,h_400,c_pad,b_white,d_photoiscoming.png/LMCode/93850227_01.jpg', 'path': 'full/584afe473706036383f162f16288311cb7c33ab2.jpg', 'checksum': 'b9130e597ea2a59731c4a73d248f85fb', 'status': 'downloaded'}, {'url': 'https://res.cloudinary.com/lmru/image/upload/f_auto,q_auto,w_2000,h_2000,c_pad,b_white,d_photoiscoming.png/LMCode/93850227_02.jpg', 'path': 'full/60bbd9e2ac052e2de39a7dee1effd9c5ddb6ce6f.jpg', 'checksum': 'e68b8752455313b66e4f634b2df3d27c', 'status': 'downloaded'}, {'url': 'https://res.cloudinary.com/lmru/image/upload/f_auto,q_auto,w_1200,h_1200,c_pad,b_white,d_photoiscoming.png/LMCode/93850227_02.jpg', 'path': 'full/9532d9eceba9e1ee8494ae9dd5db6bbba7aa8443.jpg', 'checksum': 'eeec526e5cb117dcfcaccadcc6d8b5b7', 'status': 'downloaded'}, {'url': 'https://res.cloudinary.com/lmru/image/upload/f_auto,q_auto,w_600,h_600,c_pad,b_white,d_photoiscoming.png/LMCode/93850227_02.jpg', 'path': 'full/d64921a9ea0bdfe4b1047d29fb1c47773cbfe040.jpg', 'checksum': '9d3a6fbf342a259c4f77bd28eab4fd95', 'status': 'downloaded'}, {'url': 'https://res.cloudinary.com/lmru/image/upload/f_auto,q_auto,w_800,h_800,c_pad,b_white,d_photoiscoming.png/LMCode/93850227_02.jpg', 'path': 'full/b8ada8ca9bc8513082333741f2390f139cf7cb9f.jpg', 'checksum': 'd2f66d1fafc0dc4a2f8880b5fa30d51b', 'status': 'downloaded'}, {'url': 'https://res.cloudinary.com/lmru/image/upload/f_auto,q_auto,w_400,h_400,c_pad,b_white,d_photoiscoming.png/LMCode/93850227_02.jpg', 'path': 'full/e55895acedd6db582a022d4c88df12e20bfe5fb6.jpg', 'checksum': '21a1cbbaafcec2af57ea16959db37048', 'status': 'downloaded'}, {'url': 'https://res.cloudinary.com/lmru/image/upload/f_auto,q_auto,w_2000,h_2000,c_pad,b_white,d_photoiscoming.png/LMCode/93850227_03.jpg', 'path': 'full/9bd100240944fc3c62db264d0b79afa001363066.jpg', 'checksum': '7b6b0f9f0465a727956dc08c2528cf1b', 'status': 'downloaded'}, {'url': 'https://res.cloudinary.com/lmru/image/upload/f_auto,q_auto,w_1200,h_1200,c_pad,b_white,d_photoiscoming.png/LMCode/93850227_03.jpg', 'path': 'full/e1c0b0a4616cc162df71c301d5c4b63402482b73.jpg', 'checksum': 'c24137a7e751a718c13b4d43e00ef1db', 'status': 'downloaded'}, {'url': 'https://res.cloudinary.com/lmru/image/upload/f_auto,q_auto,w_600,h_600,c_pad,b_white,d_photoiscoming.png/LMCode/93850227_03.jpg', 'path': 'full/5bc80c182b140b95dcfbe940e7e38b789455f976.jpg', 'checksum': '1541b7c4d75fc4f9dec3393b676459a1', 'status': 'downloaded'}, {'url': 'https://res.cloudinary.com/lmru/image/upload/f_auto,q_auto,w_800,h_800,c_pad,b_white,d_photoiscoming.png/LMCode/93850227_03.jpg', 'path': 'full/88c6a53eb4d733346e45c61c963c36f3a276ef8b.jpg', 'checksum': '3b67bf97c107480445dee4b521880c9a', 'status': 'downloaded'}, {'url': 'https://res.cloudinary.com/lmru/image/upload/f_auto,q_auto,w_400,h_400,c_pad,b_white,d_photoiscoming.png/LMCode/93850227_03.jpg', 'path': 'full/1bcd7454fe5fb5f773efd160b5405623c28e4f8b.jpg', 'checksum': '4eb5e8aaa002437d3f9b52da33d93bb0', 'status': 'downloaded'}, {'url': 'https://res.cloudinary.com/lmru/image/upload/f_auto,q_auto,w_2000,h_2000,c_pad,b_white,d_photoiscoming.png/LMCode/93850227_04.jpg', 'path': 'full/a21908c57009afda10fe320400e76e1c254c15c9.jpg', 'checksum': 'd7c324405d6b03cb7784c96ed2f10b5a', 'status': 'downloaded'}, {'url': 'https://res.cloudinary.com/lmru/image/upload/f_auto,q_auto,w_1200,h_1200,c_pad,b_white,d_photoiscoming.png/LMCode/93850227_04.jpg', 'path': 'full/c93543fa18975aa810172060a3c967edca1e72ab.jpg', 'checksum': '571028a5194137e04fbcb73ed5c71fe8', 'status': 'downloaded'}, {'url': 'https://res.cloudinary.com/lmru/image/upload/f_auto,q_auto,w_600,h_600,c_pad,b_white,d_photoiscoming.png/LMCode/93850227_04.jpg', 'path': 'full/53bbc0a2a21c3cd8d14b2183859b3d05483f295f.jpg', 'checksum': '4e6a1d11980d6d9268193c5bdaea8da9', 'status': 'downloaded'}, {'url': 'https://res.cloudinary.com/lmru/image/upload/f_auto,q_auto,w_800,h_800,c_pad,b_white,d_photoiscoming.png/LMCode/93850227_04.jpg', 'path': 'full/8e4803527cad81dcab1b1c4c6f095c99414fc6c2.jpg', 'checksum': '03933718404bbb994eaceb4400c9be96', 'status': 'downloaded'}, {'url': 'https://res.cloudinary.com/lmru/image/upload/f_auto,q_auto,w_400,h_400,c_pad,b_white,d_photoiscoming.png/LMCode/93850227_04.jpg', 'path': 'full/c94136613d5bbe69c713305696a7af87306d6bc6.jpg', 'checksum': '3357024cd7b8d88702f8b2a9f939a837', 'status': 'downloaded'}, {'url': 'https://res.cloudinary.com/lmru/image/upload/f_auto,q_auto,w_2000,h_2000,c_pad,b_white,d_photoiscoming.png/LMCode/93850227_05.jpg', 'path': 'full/000cb9ca261e5527e93ac32744d3018701020129.jpg', 'checksum': '6afa94a875be86ad01ee7d45cb25e460', 'status': 'downloaded'}, {'url': 'https://res.cloudinary.com/lmru/image/upload/f_auto,q_auto,w_1200,h_1200,c_pad,b_white,d_photoiscoming.png/LMCode/93850227_05.jpg', 'path': 'full/c3ae7e26e50c7f0bd6226899694ad0145224dea0.jpg', 'checksum': '2e2a307a6c8f60686ae7278b84f8ad04', 'status': 'downloaded'}, {'url': 'https://res.cloudinary.com/lmru/image/upload/f_auto,q_auto,w_600,h_600,c_pad,b_white,d_photoiscoming.png/LMCode/93850227_05.jpg', 'path': 'full/24645e3d6b02ee67dc8152752ef08658775265c1.jpg', 'checksum': '27c8eaa05f287957781642279ae77082', 'status': 'downloaded'}, {'url': 'https://res.cloudinary.com/lmru/image/upload/f_auto,q_auto,w_800,h_800,c_pad,b_white,d_photoiscoming.png/LMCode/93850227_05.jpg', 'path': 'full/ee1af7e2110d98ce25a1ef9d1b0d305c4d9edce2.jpg', 'checksum': '9b279e153e94dd79530bee2b11168f7f', 'status': 'downloaded'}, {'url': 'https://res.cloudinary.com/lmru/image/upload/f_auto,q_auto,w_400,h_400,c_pad,b_white,d_photoiscoming.png/LMCode/93850227_05.jpg', 'path': 'full/fca9e7af0d7a0f48c4e69743ce8a73e76939921f.jpg', 'checksum': 'e932ebfb6f25ec3623e84770479c855e', 'status': 'downloaded'}, {'url': 'https://res.cloudinary.com/lmru/image/upload/f_auto,q_auto,w_2000,h_2000,c_pad,b_white,d_photoiscoming.png/LMCode/93850227_06.jpg', 'path': 'full/1df5d231b26b0b565ebbf4ae52ed56efefc2a084.jpg', 'checksum': '5bd25bc267a96637b4550d8c9129989d', 'status': 'downloaded'}, {'url': 'https://res.cloudinary.com/lmru/image/upload/f_auto,q_auto,w_1200,h_1200,c_pad,b_white,d_photoiscoming.png/LMCode/93850227_06.jpg', 'path': 'full/099c02c1dbbb1b45644cb8a0713e31ff1399731e.jpg', 'checksum': 'e62f432d90d3a3236dd806e14c7eb151', 'status': 'downloaded'}, {'url': 'https://res.cloudinary.com/lmru/image/upload/f_auto,q_auto,w_600,h_600,c_pad,b_white,d_photoiscoming.png/LMCode/93850227_06.jpg', 'path': 'full/944a92209665419e7f625d4ce6ebfd27129909f2.jpg', 'checksum': '1435860895ae60ddfd30e6101a95cf7b', 'status': 'downloaded'}, {'url': 'https://res.cloudinary.com/lmru/image/upload/f_auto,q_auto,w_800,h_800,c_pad,b_white,d_photoiscoming.png/LMCode/93850227_06.jpg', 'path': 'full/b2f48d89b40927d0ffb63c70e24328febf84b0a0.jpg', 'checksum': '54969426e757955fd459918d8192fcb2', 'status': 'downloaded'}, {'url': 'https://res.cloudinary.com/lmru/image/upload/f_auto,q_auto,w_400,h_400,c_pad,b_white,d_photoiscoming.png/LMCode/93850227_06.jpg', 'path': 'full/4a0b12e8b24173378cec4e14c475d68fd3f71fe4.jpg', 'checksum': 'b0f21d6bf71c84d39e8065cb9f4c0255', 'status': 'downloaded'}, {'url': 'https://res.cloudinary.com/lmru/image/upload/f_auto,q_auto,w_2000,h_2000,c_pad,b_white,d_photoiscoming.png/LMCode/93850227_07.jpg', 'path': 'full/63cc08bba327cbebfe3b9cecf4602395e94ad6e7.jpg', 'checksum': 'd00f2c235c195d21fdb9b0119fcc52b2', 'status': 'downloaded'}, {'url': 'https://res.cloudinary.com/lmru/image/upload/f_auto,q_auto,w_1200,h_1200,c_pad,b_white,d_photoiscoming.png/LMCode/93850227_07.jpg', 'path': 'full/c07b0a47185ba9647187d1daf3356b5692eae594.jpg', 'checksum': '8afa3db8a48399069a99907e43a2f7c0', 'status': 'downloaded'}, {'url': 'https://res.cloudinary.com/lmru/image/upload/f_auto,q_auto,w_600,h_600,c_pad,b_white,d_photoiscoming.png/LMCode/93850227_07.jpg', 'path': 'full/4580860001af302c0fbc4cd1abc27fdcaa086c38.jpg', 'checksum': '790a7534b3662d66c254269848a9bf96', 'status': 'downloaded'}, {'url': 'https://res.cloudinary.com/lmru/image/upload/f_auto,q_auto,w_800,h_800,c_pad,b_white,d_photoiscoming.png/LMCode/93850227_07.jpg', 'path': 'full/7d1d5993070d73cbf0d875c7b967ce983dedbc31.jpg', 'checksum': 'd3122571ec5219fe23e07de3df55df43', 'status': 'downloaded'}, {'url': 'https://res.cloudinary.com/lmru/image/upload/f_auto,q_auto,w_400,h_400,c_pad,b_white,d_photoiscoming.png/LMCode/93850227_07.jpg', 'path': 'full/448b8253616a39c06ebe118f67e0d4e5a2e38606.jpg', 'checksum': '0eed8062faebee23aabf4c088caf9d78', 'status': 'downloaded'}]",1578
,"[{'Вес, кг': '6.43', 'Страна производства': 'Китай', 'Гарантия (лет)': '2', 'Цветовая палитра': 'Оранжевый / медный', 'Модель продукта': '848N', 'Ширина (см)': '33.0', 'Длина (см)': '123.0', 'Цвет': 'стальной, оранжевый', 'Тип продукта': 'Гладильная доска', 'Регулируемая высота (см х см)': 'плавная регулировка до 95см', 'Максимальная высота (см)': '6.0', 'Тип упаковки': 'Мешок/пакет'}]",Гладильная доска-стремянка 848N цвет оранжевый,"[{'url': 'https://res.cloudinary.com/lmru/image/upload/f_auto,q_auto,w_2000,h_2000,c_pad,b_white,d_photoiscoming.png/LMCode/83784034.jpg', 'path': 'full/528a0b333f4b0f79a08f58d11c99df4be2a3c149.jpg', 'checksum': '61925a760e52b2eef88572e4d7d0b1bd', 'status': 'downloaded'}, {'url': 'https://res.cloudinary.com/lmru/image/upload/f_auto,q_auto,w_1200,h_1200,c_pad,b_white,d_photoiscoming.png/LMCode/83784034.jpg', 'path': 'full/204ade7b13751da62b70ae5818a7a44946bec690.jpg', 'checksum': '110e2003cec0c79d7ccd67adaf16d5be', 'status': 'downloaded'}, {'url': 'https://res.cloudinary.com/lmru/image/upload/f_auto,q_auto,w_600,h_600,c_pad,b_white,d_photoiscoming.png/LMCode/83784034.jpg', 'path': 'full/4ae890f297ce4ceb9656e52a6fe216e3f3079359.jpg', 'checksum': 'ebf645bba0a34d123240c637f46608e5', 'status': 'downloaded'}, {'url': 'https://res.cloudinary.com/lmru/image/upload/f_auto,q_auto,w_800,h_800,c_pad,b_white,d_photoiscoming.png/LMCode/83784034.jpg', 'path': 'full/19bd68483b1255c629ac438624f8405e9c006bb3.jpg', 'checksum': '88c83f7840659d4f9db1491edbdb20dd', 'status': 'downloaded'}, {'url': 'https://res.cloudinary.com/lmru/image/upload/f_auto,q_auto,w_400,h_400,c_pad,b_white,d_photoiscoming.png/LMCode/83784034.jpg', 'path': 'full/964dcbbdff70c9e76c7375af5b404f4238e7b9a5.jpg', 'checksum': 'e8d9c70a48d082c62d8d1b776d376c01', 'status': 'downloaded'}, {'url': 'https://res.cloudinary.com/lmru/image/upload/f_auto,q_auto,w_2000,h_2000,c_pad,b_white,d_photoiscoming.png/LMCode/83784034_01.jpg', 'path': 'full/4454ed1fe3f8baaf7d227ed89a8c723482b26668.jpg', 'checksum': '9f1a2efd6d2de436781444b4c8dba237', 'status': 'downloaded'}, {'url': 'https://res.cloudinary.com/lmru/image/upload/f_auto,q_auto,w_1200,h_1200,c_pad,b_white,d_photoiscoming.png/LMCode/83784034_01.jpg', 'path': 'full/2b7a89c06cebd832f32a203f2f837d7b15e682b1.jpg', 'checksum': '40037eb21da8334c557f268b7b1f59b6', 'status': 'downloaded'}, {'url': 'https://res.cloudinary.com/lmru/image/upload/f_auto,q_auto,w_600,h_600,c_pad,b_white,d_photoiscoming.png/LMCode/83784034_01.jpg', 'path': 'full/ff3aa2a6993f914089589e3626b38a4c9471890d.jpg', 'checksum': '8596215d88711826bd6f377a3727866c', 'status': 'downloaded'}, {'url': 'https://res.cloudinary.com/lmru/image/upload/f_auto,q_auto,w_800,h_800,c_pad,b_white,d_photoiscoming.png/LMCode/83784034_01.jpg', 'path': 'full/0f8ffc2c537c93e664de209085e4aafcb90f8a98.jpg', 'checksum': 'f9432314c761a25fce7f7e3b34f3ab97', 'status': 'downloaded'}, {'url': 'https://res.cloudinary.com/lmru/image/upload/f_auto,q_auto,w_400,h_400,c_pad,b_white,d_photoiscoming.png/LMCode/83784034_01.jpg', 'path': 'full/94d13ce23cde37a35a7cc14b3d76cda6151b7ba3.jpg', 'checksum': '0e9910963ad9941ba34dd30911a1e24e', 'status': 'downloaded'}]",3842
,"[{'Вес, кг': '10.165', 'Страна производства': 'Россия', 'Гарантия (лет)': '0', 'Ширина (см)': '46.0', 'Длина (см)': '123.5', 'Тип продукта': 'Гладильная доска', 'Особенности продукта': 'Встроенная розетка, Держатель для шнура', 'Марка': 'NIKA', 'Регулируемая высота (см х см)': 'плавная регулировка до 100 см', 'Максимальная высота (см)': '100.0'}]",Гладильная доска Валенсия,"[{'url': 'https://res.cloudinary.com/lmru/image/upload/f_auto,q_auto,w_2000,h_2000,c_pad,b_white,d_photoiscoming.png/LMCode/82615494.jpg', 'path': 'full/6011a59cd7f1e5dad09f40abb5f91db2a5e82afb.jpg', 'checksum': 'e5f6e98d13f458475aa0e40dbd7119a5', 'status': 'downloaded'}, {'url': 'https://res.cloudinary.com/lmru/image/upload/f_auto,q_auto,w_1200,h_1200,c_pad,b_white,d_photoiscoming.png/LMCode/82615494.jpg', 'path': 'full/25c3e772e4dd20f824899b0d54268f51643b629e.jpg', 'checksum': '2b674bda28c7a84b7b9806c850430f88', 'status': 'downloaded'}, {'url': 'https://res.cloudinary.com/lmru/image/upload/f_auto,q_auto,w_600,h_600,c_pad,b_white,d_photoiscoming.png/LMCode/82615494.jpg', 'path': 'full/45f7aa98047908b217e9bb15e120f7fc0b9116c6.jpg', 'checksum': 'feeabfa1c7e486df67d4a09350952b8f', 'status': 'downloaded'}, {'url': 'https://res.cloudinary.com/lmru/image/upload/f_auto,q_auto,w_800,h_800,c_pad,b_white,d_photoiscoming.png/LMCode/82615494.jpg', 'path': 'full/0e55ae34abc9c622d8e6e5c745c80cd98a317550.jpg', 'checksum': '227a9adc2264523404f7637aa1b46583', 'status': 'downloaded'}, {'url': 'https://res.cloudinary.com/lmru/image/upload/f_auto,q_auto,w_400,h_400,c_pad,b_white,d_photoiscoming.png/LMCode/82615494.jpg', 'path': 'full/8b57c24dc7e2a40134c50f9f6764dc4ba0e11210.jpg', 'checksum': '51075619a1a48432bbb2fcdb5de45864', 'status': 'downloaded'}, {'url': 'https://res.cloudinary.com/lmru/image/upload/f_auto,q_auto,w_2000,h_2000,c_pad,b_white,d_photoiscoming.png/LMCode/82615494_01.jpg', 'path': 'full/b25866e04a496877724106421d166ae1ef5acd9b.jpg', 'checksum': 'dc35f8372c21e40a861683eb62547bbe', 'status': 'downloaded'}, {'url': 'https://res.cloudinary.com/lmru/image/upload/f_auto,q_auto,w_1200,h_1200,c_pad,b_white,d_photoiscoming.png/LMCode/82615494_01.jpg', 'path': 'full/c154089cc56e555ebec32f13c72f74c8a8683b94.jpg', 'checksum': '5615b1ee7f59973b868653780d0be39a', 'status': 'downloaded'}, {'url': 'https://res.cloudinary.com/lmru/image/upload/f_auto,q_auto,w_600,h_600,c_pad,b_white,d_photoiscoming.png/LMCode/82615494_01.jpg', 'path': 'full/b872b7ba7722d3f108de3278a9cfd4ae2fa366fd.jpg', 'checksum': '306dc45f974dd766eedd4f194bfbeba7', 'status': 'downloaded'}, {'url': 'https://res.cloudinary.com/lmru/image/upload/f_auto,q_auto,w_800,h_800,c_pad,b_white,d_photoiscoming.png/LMCode/82615494_01.jpg', 'path': 'full/3986bc15837d1b7b2f2bfee3e46820e4af89c60e.jpg', 'checksum': 'd0ad286fbe788c73528bb3ee25fe16e5', 'status': 'downloaded'}, {'url': 'https://res.cloudinary.com/lmru/image/upload/f_auto,q_auto,w_400,h_400,c_pad,b_white,d_photoiscoming.png/LMCode/82615494_01.jpg', 'path': 'full/5cc2b083e1d34deb4db1eb20f391322e010e38ec.jpg', 'checksum': 'bae02d97830e879a7520213ecf772cf4', 'status': 'downloaded'}, {'url': 'https://res.cloudinary.com/lmru/image/upload/f_auto,q_auto,w_2000,h_2000,c_pad,b_white,d_photoiscoming.png/LMCode/82615494_02.jpg', 'path': 'full/ba75bcc0b6d0b81cb75979aa712ec180b6ffbed7.jpg', 'checksum': 'f23667a5e43b907f49759bcaf15bd413', 'status': 'downloaded'}, {'url': 'https://res.cloudinary.com/lmru/image/upload/f_auto,q_auto,w_1200,h_1200,c_pad,b_white,d_photoiscoming.png/LMCode/82615494_02.jpg', 'path': 'full/27650ced92d7dd5a8aabd20aca5ac2134e949ea3.jpg', 'checksum': '94de4e2577387dbfb116f166ad5c792b', 'status': 'downloaded'}, {'url': 'https://res.cloudinary.com/lmru/image/upload/f_auto,q_auto,w_600,h_600,c_pad,b_white,d_photoiscoming.png/LMCode/82615494_02.jpg', 'path': 'full/ba5b966b8be250de1aa13dca7ba57875ffb6254f.jpg', 'checksum': 'f4bcb8107a0bd1760fc0ba2b9e812b43', 'status': 'downloaded'}, {'url': 'https://res.cloudinary.com/lmru/image/upload/f_auto,q_auto,w_800,h_800,c_pad,b_white,d_photoiscoming.png/LMCode/82615494_02.jpg', 'path': 'full/e69e672e25eaadd3203c786c06de4dc42559c64e.jpg', 'checksum': 'a840eede4ebeea576d786cd61d5068c4', 'status': 'downloaded'}, {'url': 'https://res.cloudinary.com/lmru/image/upload/f_auto,q_auto,w_400,h_400,c_pad,b_white,d_photoiscoming.png/LMCode/82615494_02.jpg', 'path': 'full/f07af4ddffbe185a275312898f4746ef32af979e.jpg', 'checksum': 'b9e070440261493f04800e6684e405dc', 'status': 'downloaded'}, {'url': 'https://res.cloudinary.com/lmru/image/upload/f_auto,q_auto,w_2000,h_2000,c_pad,b_white,d_photoiscoming.png/LMCode/82615494_03.jpg', 'path': 'full/f8fffb3ab04e368cc80aea85866af50c3dd2b810.jpg', 'checksum': '4ca1c9bb3b93b7a7591ee0f03b30cefb', 'status': 'downloaded'}, {'url': 'https://res.cloudinary.com/lmru/image/upload/f_auto,q_auto,w_1200,h_1200,c_pad,b_white,d_photoiscoming.png/LMCode/82615494_03.jpg', 'path': 'full/2d80f77251268d82bd369adadb5ed23a10a9b418.jpg', 'checksum': 'aafd9bbe53c1e6b72728eb587dba987f', 'status': 'downloaded'}, {'url': 'https://res.cloudinary.com/lmru/image/upload/f_auto,q_auto,w_600,h_600,c_pad,b_white,d_photoiscoming.png/LMCode/82615494_03.jpg', 'path': 'full/15740dd95e96f851643a2416ae7e53cd4c2ac257.jpg', 'checksum': 'f7b321e5a78bf5a72a9a3ea2ce4935e2', 'status': 'downloaded'}, {'url': 'https://res.cloudinary.com/lmru/image/upload/f_auto,q_auto,w_800,h_800,c_pad,b_white,d_photoiscoming.png/LMCode/82615494_03.jpg', 'path': 'full/f7b18d1d81f9224d54a7db0a1821abac6b0110e3.jpg', 'checksum': '35b707272efc1ecd5125be1c534b1550', 'status': 'downloaded'}, {'url': 'https://res.cloudinary.com/lmru/image/upload/f_auto,q_auto,w_400,h_400,c_pad,b_white,d_photoiscoming.png/LMCode/82615494_03.jpg', 'path': 'full/a302d2c36dda441587875b7c627f054f8f650583.jpg', 'checksum': '1219c85d2444a01b151604437023b2e9', 'status': 'downloaded'}, {'url': 'https://res.cloudinary.com/lmru/image/upload/f_auto,q_auto,w_2000,h_2000,c_pad,b_white,d_photoiscoming.png/LMCode/82615494_04.jpg', 'path': 'full/1c32d58638cb3a12b25b3915338e72f6e2a901db.jpg', 'checksum': '3f55907d2353a47e67f5404bb1df0318', 'status': 'downloaded'}, {'url': 'https://res.cloudinary.com/lmru/image/upload/f_auto,q_auto,w_1200,h_1200,c_pad,b_white,d_photoiscoming.png/LMCode/82615494_04.jpg', 'path': 'full/b681ca37213382e7b4b0fc2efb3b200d652a6fd6.jpg', 'checksum': '07b2f7e0592b76a24a256a6daf7acd0a', 'status': 'downloaded'}, {'url': 'https://res.cloudinary.com/lmru/image/upload/f_auto,q_auto,w_600,h_600,c_pad,b_white,d_photoiscoming.png/LMCode/82615494_04.jpg', 'path': 'full/50aab1c82317b9ef639a151725e9d6018a3110c1.jpg', 'checksum': '003cb764d26808284e7428f3e05597e1', 'status': 'downloaded'}, {'url': 'https://res.cloudinary.com/lmru/image/upload/f_auto,q_auto,w_800,h_800,c_pad,b_white,d_photoiscoming.png/LMCode/82615494_04.jpg', 'path': 'full/10defd170cb2e7e8933a8682185f0199761dc815.jpg', 'checksum': 'eb45fe36f0cf1974f1dfbea3928ade33', 'status': 'downloaded'}, {'url': 'https://res.cloudinary.com/lmru/image/upload/f_auto,q_auto,w_400,h_400,c_pad,b_white,d_photoiscoming.png/LMCode/82615494_04.jpg', 'path': 'full/af5f5c5b8eead991e7a90784a149ee31ea12e1dd.jpg', 'checksum': '509a281cb938fc769049d11ac508f6f7', 'status': 'downloaded'}]",4258
,"[{'Вес, кг': '5.87', 'Страна производства': 'Россия', 'Гарантия (лет)': '0', 'Ширина (см)': '34.0', 'Длина (см)': '122.0', 'Тип продукта': 'Гладильная доска', 'Особенности продукта': 'Встроенная розетка', 'Марка': 'NIKA', 'Регулируемая высота (см х см)': 'регулировка до 93 см', 'Максимальная высота (см)': '93.0'}]",Гладильная доска Ника 3М,"[{'url': 'https://res.cloudinary.com/lmru/image/upload/f_auto,q_auto,w_2000,h_2000,c_pad,b_white,d_photoiscoming.png/LMCode/82615496.jpg', 'path': 'full/c8d0c2a15b2c0e7fd7a13ceff7980dbc49702af3.jpg', 'checksum': '1f1b82201457277e1cb71c151a0e596a', 'status': 'downloaded'}, {'url': 'https://res.cloudinary.com/lmru/image/upload/f_auto,q_auto,w_1200,h_1200,c_pad,b_white,d_photoiscoming.png/LMCode/82615496.jpg', 'path': 'full/ff35ecd6c215888f00bb48eff69526f7f84b0016.jpg', 'checksum': '0920e6a7bde5e85e8bf4ce994acb0fa7', 'status': 'downloaded'}, {'url': 'https://res.cloudinary.com/lmru/image/upload/f_auto,q_auto,w_600,h_600,c_pad,b_white,d_photoiscoming.png/LMCode/82615496.jpg', 'path': 'full/2dbbc510995f49f5a47641345f60229db163939e.jpg', 'checksum': '44ce393181f0b4c58a46e567a69042aa', 'status': 'downloaded'}, {'url': 'https://res.cloudinary.com/lmru/image/upload/f_auto,q_auto,w_800,h_800,c_pad,b_white,d_photoiscoming.png/LMCode/82615496.jpg', 'path': 'full/f6eb62bd443e068f272db31647f6a0831c68f4f0.jpg', 'checksum': '8696d29f8fc86dd329b5b25ddd95ec9b', 'status': 'downloaded'}, {'url': 'https://res.cloudinary.com/lmru/image/upload/f_auto,q_auto,w_400,h_400,c_pad,b_white,d_photoiscoming.png/LMCode/82615496.jpg', 'path': 'full/1b48e81e56f7a9646da92565557a9bd7e9678a3a.jpg', 'checksum': 'a39e79965d05c7a82eeef9435906de1c', 'status': 'downloaded'}, {'url': 'https://res.cloudinary.com/lmru/image/upload/f_auto,q_auto,w_2000,h_2000,c_pad,b_white,d_photoiscoming.png/LMCode/82615496_01.jpg', 'path': 'full/a3d96c394d8cec5539a90b76a6a9490c20214c59.jpg', 'checksum': 'fa8d248c07a4b9d3eb36c566def6f6c4', 'status': 'downloaded'}, {'url': 'https://res.cloudinary.com/lmru/image/upload/f_auto,q_auto,w_1200,h_1200,c_pad,b_white,d_photoiscoming.png/LMCode/82615496_01.jpg', 'path': 'full/e34d2e8df24b180c5d6d723b7c589fb4be59bf99.jpg', 'checksum': 'a719f031e5fc732ee174ef91511c848e', 'status': 'downloaded'}, {'url': 'https://res.cloudinary.com/lmru/image/upload/f_auto,q_auto,w_600,h_600,c_pad,b_white,d_photoiscoming.png/LMCode/82615496_01.jpg', 'path': 'full/2deaedc8823540ce9655fee69fd036495c7a97fe.jpg', 'checksum': '36cc7a3792fe54d69b29aa2a11cbb957', 'status': 'downloaded'}, {'url': 'https://res.cloudinary.com/lmru/image/upload/f_auto,q_auto,w_800,h_800,c_pad,b_white,d_photoiscoming.png/LMCode/82615496_01.jpg', 'path': 'full/82485a67498edb9cae192de440bf761faebf25b4.jpg', 'checksum': '9320bf1725915622cbbd8571bfb31894', 'status': 'downloaded'}, {'url': 'https://res.cloudinary.com/lmru/image/upload/f_auto,q_auto,w_400,h_400,c_pad,b_white,d_photoiscoming.png/LMCode/82615496_01.jpg', 'path': 'full/81071e2000eecbc6146d37c246d98c1c9fa12ce0.jpg', 'checksum': '6ff8b1bb75248f017af78f217e7f3026', 'status': 'downloaded'}, {'url': 'https://res.cloudinary.com/lmru/image/upload/f_auto,q_auto,w_2000,h_2000,c_pad,b_white,d_photoiscoming.png/LMCode/82615496_02.jpg', 'path': 'full/5d4bbfe7f979620fc28c3c396f486ece198f20fb.jpg', 'checksum': 'ac2b09b34bac7ff97237e12f61b27daa', 'status': 'downloaded'}, {'url': 'https://res.cloudinary.com/lmru/image/upload/f_auto,q_auto,w_1200,h_1200,c_pad,b_white,d_photoiscoming.png/LMCode/82615496_02.jpg', 'path': 'full/74190dcfc08d52c9d52b7e21bc2f697bdc8e0b3b.jpg', 'checksum': '3161e7efcb952f51b994fb12b2015352', 'status': 'downloaded'}, {'url': 'https://res.cloudinary.com/lmru/image/upload/f_auto,q_auto,w_600,h_600,c_pad,b_white,d_photoiscoming.png/LMCode/82615496_02.jpg', 'path': 'full/ccf6ada1e798b8f252d465202785f1aed6868c86.jpg', 'checksum': '4e6934f532a8f1908d353b2947cdb930', 'status': 'downloaded'}, {'url': 'https://res.cloudinary.com/lmru/image/upload/f_auto,q_auto,w_800,h_800,c_pad,b_white,d_photoiscoming.png/LMCode/82615496_02.jpg', 'path': 'full/11813648a7a8a1ee9fffdd40c59c0a4ccfd18b28.jpg', 'checksum': 'a558c2586f39014d4f47c0ed8c0f46c8', 'status': 'downloaded'}, {'url': 'https://res.cloudinary.com/lmru/image/upload/f_auto,q_auto,w_400,h_400,c_pad,b_white,d_photoiscoming.png/LMCode/82615496_02.jpg', 'path': 'full/5de61a784fe2dfd37587ed1f56809807646940f5.jpg', 'checksum': 'd34233cbb425fabbfbb5e06040774ce1', 'status': 'downloaded'}, {'url': 'https://res.cloudinary.com/lmru/image/upload/f_auto,q_auto,w_2000,h_2000,c_pad,b_white,d_photoiscoming.png/LMCode/82615496_03.jpg', 'path': 'full/4a174c525bed997d2d9d88035e2a1739a662b968.jpg', 'checksum': '6f69d5fc1df1f9734d1880a269d5c0d4', 'status': 'downloaded'}, {'url': 'https://res.cloudinary.com/lmru/image/upload/f_auto,q_auto,w_1200,h_1200,c_pad,b_white,d_photoiscoming.png/LMCode/82615496_03.jpg', 'path': 'full/b24874cf7ed24a01f08c462a165e621c78b3c7d4.jpg', 'checksum': '43033cc67e5ae034303c7304953e42a0', 'status': 'downloaded'}, {'url': 'https://res.cloudinary.com/lmru/image/upload/f_auto,q_auto,w_600,h_600,c_pad,b_white,d_photoiscoming.png/LMCode/82615496_03.jpg', 'path': 'full/bfa8571500f5b2daf07b9167edaf5aaa0abb141d.jpg', 'checksum': '3ee87f186589772831d923d905643b53', 'status': 'downloaded'}, {'url': 'https://res.cloudinary.com/lmru/image/upload/f_auto,q_auto,w_800,h_800,c_pad,b_white,d_photoiscoming.png/LMCode/82615496_03.jpg', 'path': 'full/00fb0921a43fc944e1120452920d950086857ad2.jpg', 'checksum': '0f22c8c84c156b43e5b0f3c9c0487a96', 'status': 'downloaded'}, {'url': 'https://res.cloudinary.com/lmru/image/upload/f_auto,q_auto,w_400,h_400,c_pad,b_white,d_photoiscoming.png/LMCode/82615496_03.jpg', 'path': 'full/f16c1fc7251c7462483d1180b72bf8bf2e38251c.jpg', 'checksum': '7e04956f941f765205f8683aacaadee2', 'status': 'downloaded'}, {'url': 'https://res.cloudinary.com/lmru/image/upload/f_auto,q_auto,w_2000,h_2000,c_pad,b_white,d_photoiscoming.png/LMCode/82615496_04.jpg', 'path': 'full/52ac61ae41693e736a4ded83f797b4cac161287c.jpg', 'checksum': '558f2b41bed9e6012414e10f75b8e740', 'status': 'downloaded'}, {'url': 'https://res.cloudinary.com/lmru/image/upload/f_auto,q_auto,w_1200,h_1200,c_pad,b_white,d_photoiscoming.png/LMCode/82615496_04.jpg', 'path': 'full/e9172c006a3e7c51017fd46debdc1f0bdfbfe088.jpg', 'checksum': 'fc7a1aab3a091f474f9b9960459dfb93', 'status': 'downloaded'}, {'url': 'https://res.cloudinary.com/lmru/image/upload/f_auto,q_auto,w_600,h_600,c_pad,b_white,d_photoiscoming.png/LMCode/82615496_04.jpg', 'path': 'full/d9da6a7e7c3edf97baa4babdfe3e73a82fdced84.jpg', 'checksum': 'f775e341b966d2fcba619f40e76756a7', 'status': 'downloaded'}, {'url': 'https://res.cloudinary.com/lmru/image/upload/f_auto,q_auto,w_800,h_800,c_pad,b_white,d_photoiscoming.png/LMCode/82615496_04.jpg', 'path': 'full/183cf3a80bf7cd171ee505926690bdf47a63be17.jpg', 'checksum': 'fcaec9a73d4602c2bde4bbf0f3eac685', 'status': 'downloaded'}, {'url': 'https://res.cloudinary.com/lmru/image/upload/f_auto,q_auto,w_400,h_400,c_pad,b_white,d_photoiscoming.png/LMCode/82615496_04.jpg', 'path': 'full/4daa23862205f4cb05c5f4ba697f8e9abe6787f5.jpg', 'checksum': '1a74119b422158532a499d5680f6b6c2', 'status': 'downloaded'}]",2264
,"[{'Вес, кг': '2.899', 'Страна производства': 'Россия', 'Гарантия (лет)': '0', 'Ширина (см)': '29.0', 'Длина (см)': '107.0', 'Тип продукта': 'Гладильная доска', 'Марка': 'NIKA', 'Регулируемая высота (см х см)': '70 см и 80 см', 'Максимальная высота (см)': '80.0'}]",Гладильная доска Лина Эконом,"[{'url': 'https://res.cloudinary.com/lmru/image/upload/f_auto,q_auto,w_2000,h_2000,c_pad,b_white,d_photoiscoming.png/LMCode/82615493.jpg', 'path': 'full/9037ff173f874fee1a18df0bd76d7d79529f3212.jpg', 'checksum': '98832a5f3dba2379d122e62ea9753403', 'status': 'downloaded'}, {'url': 'https://res.cloudinary.com/lmru/image/upload/f_auto,q_auto,w_1200,h_1200,c_pad,b_white,d_photoiscoming.png/LMCode/82615493.jpg', 'path': 'full/ec19d09fa16e2a44c8d34204004985a51a143c5f.jpg', 'checksum': 'cdc90befe3690c321daeaddd92394a00', 'status': 'downloaded'}, {'url': 'https://res.cloudinary.com/lmru/image/upload/f_auto,q_auto,w_600,h_600,c_pad,b_white,d_photoiscoming.png/LMCode/82615493.jpg', 'path': 'full/f1478579ff5e878f7deba729ed021c7be9e659e4.jpg', 'checksum': '42e7fcc41564ab0d86cf2216b1e7f486', 'status': 'downloaded'}, {'url': 'https://res.cloudinary.com/lmru/image/upload/f_auto,q_auto,w_800,h_800,c_pad,b_white,d_photoiscoming.png/LMCode/82615493.jpg', 'path': 'full/93e2866e0326b4fac6ceb743b53fa638f027ce4b.jpg', 'checksum': '48ba0635e3e7728f23639232eb9202cf', 'status': 'downloaded'}, {'url': 'https://res.cloudinary.com/lmru/image/upload/f_auto,q_auto,w_400,h_400,c_pad,b_white,d_photoiscoming.png/LMCode/82615493.jpg', 'path': 'full/23bc7448a5e0698b88b233029cd3e29c6d48fcc1.jpg', 'checksum': '05daa61f8aea7972f4ecb82d20c0cfb4', 'status': 'downloaded'}, {'url': 'https://res.cloudinary.com/lmru/image/upload/f_auto,q_auto,w_2000,h_2000,c_pad,b_white,d_photoiscoming.png/LMCode/82615493_01.jpg', 'path': 'full/bbf011848da401224dc8f6db455b9609fcd07dff.jpg', 'checksum': '8e0c2e210da4795f63d1bd43f7a001ec', 'status': 'downloaded'}, {'url': 'https://res.cloudinary.com/lmru/image/upload/f_auto,q_auto,w_1200,h_1200,c_pad,b_white,d_photoiscoming.png/LMCode/82615493_01.jpg', 'path': 'full/137fc6f98c15adff4083c7c9ff55391a3df6c7aa.jpg', 'checksum': '8319cf59e2ed6a3084695eb6754e956e', 'status': 'downloaded'}, {'url': 'https://res.cloudinary.com/lmru/image/upload/f_auto,q_auto,w_600,h_600,c_pad,b_white,d_photoiscoming.png/LMCode/82615493_01.jpg', 'path': 'full/397094827ffb0470f042954b37e33a97ac2faf1b.jpg', 'checksum': 'a0934e8b52781ae08ef36c2121b3fb50', 'status': 'downloaded'}, {'url': 'https://res.cloudinary.com/lmru/image/upload/f_auto,q_auto,w_800,h_800,c_pad,b_white,d_photoiscoming.png/LMCode/82615493_01.jpg', 'path': 'full/eaf372c76ab3419af2d3334e1e53ad22994a9198.jpg', 'checksum': 'fa214c620a79744fc483b50ae505610e', 'status': 'downloaded'}, {'url': 'https://res.cloudinary.com/lmru/image/upload/f_auto,q_auto,w_400,h_400,c_pad,b_white,d_photoiscoming.png/LMCode/82615493_01.jpg', 'path': 'full/c12f0c641721d5a205052ef4224fcfa562ac2e50.jpg', 'checksum': 'a4ab510bcae75dff8942402f651c0752', 'status': 'downloaded'}, {'url': 'https://res.cloudinary.com/lmru/image/upload/f_auto,q_auto,w_2000,h_2000,c_pad,b_white,d_photoiscoming.png/LMCode/82615493_02.jpg', 'path': 'full/c5404fc01eb5f21cd24174adf9dcab65cbd782aa.jpg', 'checksum': '78f7ee02d2c0b7430b29052ca1b3b829', 'status': 'downloaded'}, {'url': 'https://res.cloudinary.com/lmru/image/upload/f_auto,q_auto,w_1200,h_1200,c_pad,b_white,d_photoiscoming.png/LMCode/82615493_02.jpg', 'path': 'full/230c5330fe2e9a0cbc4050b0da12bcbfd6967361.jpg', 'checksum': '70dc8e99ec5a5735ddf4d92eb4984eee', 'status': 'downloaded'}, {'url': 'https://res.cloudinary.com/lmru/image/upload/f_auto,q_auto,w_600,h_600,c_pad,b_white,d_photoiscoming.png/LMCode/82615493_02.jpg', 'path': 'full/51eb208d5717c7873ee5b93f1b2351afee5d2477.jpg', 'checksum': 'ac04ddc69ec80003ec123f50a422e887', 'status': 'downloaded'}, {'url': 'https://res.cloudinary.com/lmru/image/upload/f_auto,q_auto,w_800,h_800,c_pad,b_white,d_photoiscoming.png/LMCode/82615493_02.jpg', 'path': 'full/8aa19b7aa2af27737457c6b193717f8e07957e57.jpg', 'checksum': '3ca75cef4686b5e4ff65f424c54d2277', 'status': 'downloaded'}, {'url': 'https://res.cloudinary.com/lmru/image/upload/f_auto,q_auto,w_400,h_400,c_pad,b_white,d_photoiscoming.png/LMCode/82615493_02.jpg', 'path': 'full/649816aeaa0442e5a10c21a361bf28d2cc822854.jpg', 'checksum': '9af533aabbfedf17f59bb51b4dada49a', 'status': 'downloaded'}, {'url': 'https://res.cloudinary.com/lmru/image/upload/f_auto,q_auto,w_2000,h_2000,c_pad,b_white,d_photoiscoming.png/LMCode/82615493_03.jpg', 'path': 'full/ade159cc538496859db6b86bd4688e0d0e5c585b.jpg', 'checksum': '8f665a3e7d46c6a3d2ee9807f3cbbd78', 'status': 'downloaded'}, {'url': 'https://res.cloudinary.com/lmru/image/upload/f_auto,q_auto,w_1200,h_1200,c_pad,b_white,d_photoiscoming.png/LMCode/82615493_03.jpg', 'path': 'full/1bba7270b88816254c61b43992e58e97b5a4fa02.jpg', 'checksum': '37113bedd707a817dc9b125d9479f08f', 'status': 'downloaded'}, {'url': 'https://res.cloudinary.com/lmru/image/upload/f_auto,q_auto,w_600,h_600,c_pad,b_white,d_photoiscoming.png/LMCode/82615493_03.jpg', 'path': 'full/59d3ee872acaeb578bfee2cd1d66fbce5a54c2de.jpg', 'checksum': '16881d795ebe74347e7c0e56158b3045', 'status': 'downloaded'}, {'url': 'https://res.cloudinary.com/lmru/image/upload/f_auto,q_auto,w_800,h_800,c_pad,b_white,d_photoiscoming.png/LMCode/82615493_03.jpg', 'path': 'full/ab4addc4dc46188c4dd4042fa7d12a2a7daff15b.jpg', 'checksum': 'c292795a779f926522b5a67ce54df408', 'status': 'downloaded'}, {'url': 'https://res.cloudinary.com/lmru/image/upload/f_auto,q_auto,w_400,h_400,c_pad,b_white,d_photoiscoming.png/LMCode/82615493_03.jpg', 'path': 'full/7d16dc7dcdfbdc98df5ad15d050a4626437ee180.jpg', 'checksum': '468e1f1edc4cbf1584c09dcc5ff4482f', 'status': 'downloaded'}]",626
,"[{'Вес, кг': '4.675', 'Страна производства': 'Россия', 'Гарантия (лет)': '0', 'Ширина (см)': '34.5', 'Длина (см)': '117.0', 'Тип продукта': 'Гладильная доска', 'Особенности продукта': 'Встроенная розетка', 'Марка': 'NIKA', 'Регулируемая высота (см х см)': '70 см и 80 см', 'Максимальная высота (см)': '80.0'}]",Гладильная доска Bell Classy 3,"[{'url': 'https://res.cloudinary.com/lmru/image/upload/f_auto,q_auto,w_2000,h_2000,c_pad,b_white,d_photoiscoming.png/LMCode/82615492.jpg', 'path': 'full/e4f307f63ce4f2807113e90f66f5029bad066029.jpg', 'checksum': '8fb286ea78ee3af832ab0aa14d0cb37c', 'status': 'downloaded'}, {'url': 'https://res.cloudinary.com/lmru/image/upload/f_auto,q_auto,w_1200,h_1200,c_pad,b_white,d_photoiscoming.png/LMCode/82615492.jpg', 'path': 'full/eb3a8756940a5c5d907c9d7d9ec811b4927e835d.jpg', 'checksum': '74a4c424a2497b474bdd4c8cc184671c', 'status': 'downloaded'}, {'url': 'https://res.cloudinary.com/lmru/image/upload/f_auto,q_auto,w_600,h_600,c_pad,b_white,d_photoiscoming.png/LMCode/82615492.jpg', 'path': 'full/cdeb94157dc1e8270f3d7db1237b95cf85bc6e77.jpg', 'checksum': 'b55e404b205a37a70bd4e81ac6971a87', 'status': 'downloaded'}, {'url': 'https://res.cloudinary.com/lmru/image/upload/f_auto,q_auto,w_800,h_800,c_pad,b_white,d_photoiscoming.png/LMCode/82615492.jpg', 'path': 'full/4efba58b98c46831b88420a043e0539b313801d3.jpg', 'checksum': '3b6505500f9d9f529a5b298b4b1224f0', 'status': 'downloaded'}, {'url': 'https://res.cloudinary.com/lmru/image/upload/f_auto,q_auto,w_400,h_400,c_pad,b_white,d_photoiscoming.png/LMCode/82615492.jpg', 'path': 'full/ea25bd54389e53038ba974a886d9a967d5a31632.jpg', 'checksum': '57f90e30ec4b0081787362aceebfe3f1', 'status': 'downloaded'}, {'url': 'https://res.cloudinary.com/lmru/image/upload/f_auto,q_auto,w_2000,h_2000,c_pad,b_white,d_photoiscoming.png/LMCode/82615492_01.jpg', 'path': 'full/e715eab8ec678b0879558f815601f7f5afbd5e54.jpg', 'checksum': '66c1fa12d69937f54c332bc15d29cf32', 'status': 'downloaded'}, {'url': 'https://res.cloudinary.com/lmru/image/upload/f_auto,q_auto,w_1200,h_1200,c_pad,b_white,d_photoiscoming.png/LMCode/82615492_01.jpg', 'path': 'full/d2921739405e2312409052c925131abb4b9582d6.jpg', 'checksum': 'bb41523d0aa1698e02acd61ac3d8ca31', 'status': 'downloaded'}, {'url': 'https://res.cloudinary.com/lmru/image/upload/f_auto,q_auto,w_600,h_600,c_pad,b_white,d_photoiscoming.png/LMCode/82615492_01.jpg', 'path': 'full/9eee36bf15c9c59a4bb754a21652e07b52ba1f4b.jpg', 'checksum': '6a58a4c5ca5f574770c4e11b77e4003c', 'status': 'downloaded'}, {'url': 'https://res.cloudinary.com/lmru/image/upload/f_auto,q_auto,w_800,h_800,c_pad,b_white,d_photoiscoming.png/LMCode/82615492_01.jpg', 'path': 'full/920d9635874d8ab1e37fdc16bdd5ef60e13f2aa9.jpg', 'checksum': '6744653ec302a6d8ad746bd3c76b354e', 'status': 'downloaded'}, {'url': 'https://res.cloudinary.com/lmru/image/upload/f_auto,q_auto,w_400,h_400,c_pad,b_white,d_photoiscoming.png/LMCode/82615492_01.jpg', 'path': 'full/d382c5ee3e34824f5d92271d960bfece4efeed25.jpg', 'checksum': '50b75b1e62d77739a2ed1c68f86d4873', 'status': 'downloaded'}, {'url': 'https://res.cloudinary.com/lmru/image/upload/f_auto,q_auto,w_2000,h_2000,c_pad,b_white,d_photoiscoming.png/LMCode/82615492_02.jpg', 'path': 'full/a12fc028393904789f3b704f9923ba983bc9e0ac.jpg', 'checksum': 'fa7b781f4d3a0001a022adcc2b4c49c6', 'status': 'downloaded'}, {'url': 'https://res.cloudinary.com/lmru/image/upload/f_auto,q_auto,w_1200,h_1200,c_pad,b_white,d_photoiscoming.png/LMCode/82615492_02.jpg', 'path': 'full/34e50656348ebdaf1696fb0f77f4c3390cbe82eb.jpg', 'checksum': '46dbbb90f1499412661984713ad48de8', 'status': 'downloaded'}, {'url': 'https://res.cloudinary.com/lmru/image/upload/f_auto,q_auto,w_600,h_600,c_pad,b_white,d_photoiscoming.png/LMCode/82615492_02.jpg', 'path': 'full/85fa97135e6fd4dc9c4b5a739f80ce23e66c85c0.jpg', 'checksum': '2bd3f9d42bed906095818074e3b25d47', 'status': 'downloaded'}, {'url': 'https://res.cloudinary.com/lmru/image/upload/f_auto,q_auto,w_800,h_800,c_pad,b_white,d_photoiscoming.png/LMCode/82615492_02.jpg', 'path': 'full/964761f261d98de9fa01d272be0475fe11982ffb.jpg', 'checksum': 'e5b03b4f4c09e69ed5641ccfdf97b6f6', 'status': 'downloaded'}, {'url': 'https://res.cloudinary.com/lmru/image/upload/f_auto,q_auto,w_400,h_400,c_pad,b_white,d_photoiscoming.png/LMCode/82615492_02.jpg', 'path': 'full/f4cdcf7deaa8876c9cf93bd1048e95504617d272.jpg', 'checksum': 'c0ad72a126061c028c31ff8b3ae66614', 'status': 'downloaded'}, {'url': 'https://res.cloudinary.com/lmru/image/upload/f_auto,q_auto,w_2000,h_2000,c_pad,b_white,d_photoiscoming.png/LMCode/82615492_03.jpg', 'path': 'full/305d41e03593e82be5c0e1a4e965a2a607818986.jpg', 'checksum': 'b9a1e2d5125a2d16ce2092d5139f7c45', 'status': 'downloaded'}, {'url': 'https://res.cloudinary.com/lmru/image/upload/f_auto,q_auto,w_1200,h_1200,c_pad,b_white,d_photoiscoming.png/LMCode/82615492_03.jpg', 'path': 'full/4e518eea50e396eb9c7b8089381cd59f109932be.jpg', 'checksum': '943d377e5bbfc04272787d7c85283fb1', 'status': 'downloaded'}, {'url': 'https://res.cloudinary.com/lmru/image/upload/f_auto,q_auto,w_600,h_600,c_pad,b_white,d_photoiscoming.png/LMCode/82615492_03.jpg', 'path': 'full/ac4a76bc89c2c689d0227aa8e44c626079c501e1.jpg', 'checksum': 'a3ac0c68674a3013f8820e64bd61f18e', 'status': 'downloaded'}, {'url': 'https://res.cloudinary.com/lmru/image/upload/f_auto,q_auto,w_800,h_800,c_pad,b_white,d_photoiscoming.png/LMCode/82615492_03.jpg', 'path': 'full/a6467d696155666a7bd80b7f8788e2a293f6637a.jpg', 'checksum': '03128c6052c36ba3a3a5a8db52230379', 'status': 'downloaded'}, {'url': 'https://res.cloudinary.com/lmru/image/upload/f_auto,q_auto,w_400,h_400,c_pad,b_white,d_photoiscoming.png/LMCode/82615492_03.jpg', 'path': 'full/10f6c2372d46a369f1d158374a230c4d238e981d.jpg', 'checksum': '4ea351459526f60bcb342deb7707820d', 'status': 'downloaded'}, {'url': 'https://res.cloudinary.com/lmru/image/upload/f_auto,q_auto,w_2000,h_2000,c_pad,b_white,d_photoiscoming.png/LMCode/82615492_04.jpg', 'path': 'full/22221df74cbc9924d90ed5fad736fcba2f5cc509.jpg', 'checksum': '4e4558b2dd968de7cd04e2c655138783', 'status': 'downloaded'}, {'url': 'https://res.cloudinary.com/lmru/image/upload/f_auto,q_auto,w_1200,h_1200,c_pad,b_white,d_photoiscoming.png/LMCode/82615492_04.jpg', 'path': 'full/8f5fe0593d834a0e25bc3efdb3cb126b2c96679b.jpg', 'checksum': '74fe772ce6e520a4864c514d972e8d33', 'status': 'downloaded'}, {'url': 'https://res.cloudinary.com/lmru/image/upload/f_auto,q_auto,w_600,h_600,c_pad,b_white,d_photoiscoming.png/LMCode/82615492_04.jpg', 'path': 'full/3dcb9132606db1de5bb10a79ae9e1caf2b7d725d.jpg', 'checksum': 'f46251667a157f08091066e83b3133cf', 'status': 'downloaded'}, {'url': 'https://res.cloudinary.com/lmru/image/upload/f_auto,q_auto,w_800,h_800,c_pad,b_white,d_photoiscoming.png/LMCode/82615492_04.jpg', 'path': 'full/2688acae52a934f677a52839981a2d316b7f1a6c.jpg', 'checksum': '9ec0b0f4df3878502ee4cd332fe0f286', 'status': 'downloaded'}, {'url': 'https://res.cloudinary.com/lmru/image/upload/f_auto,q_auto,w_400,h_400,c_pad,b_white,d_photoiscoming.png/LMCode/82615492_04.jpg', 'path': 'full/bc180a8b52681d65a4db2fed84281cda88019d22.jpg', 'checksum': '50d50ec42b0cb6d7bbe9d54d41eec82a', 'status': 'downloaded'}, {'url': 'https://res.cloudinary.com/lmru/image/upload/f_auto,q_auto,w_2000,h_2000,c_pad,b_white,d_photoiscoming.png/LMCode/82615492_05.jpg', 'path': 'full/b2f917ecc33c33ac8ce5c956ea0547cc0fd79070.jpg', 'checksum': '651c3f1307268a587b693f9024a7eaca', 'status': 'downloaded'}, {'url': 'https://res.cloudinary.com/lmru/image/upload/f_auto,q_auto,w_1200,h_1200,c_pad,b_white,d_photoiscoming.png/LMCode/82615492_05.jpg', 'path': 'full/d14f7ac21c21a1d40bf85a6a7d8527ff01953529.jpg', 'checksum': 'a1451192cf977610d396501da85328ea', 'status': 'downloaded'}, {'url': 'https://res.cloudinary.com/lmru/image/upload/f_auto,q_auto,w_600,h_600,c_pad,b_white,d_photoiscoming.png/LMCode/82615492_05.jpg', 'path': 'full/23d6c5141d148761c4edab7964682c0316cadb15.jpg', 'checksum': '69e5d34abf5ece6c6d7151624f391ded', 'status': 'downloaded'}, {'url': 'https://res.cloudinary.com/lmru/image/upload/f_auto,q_auto,w_800,h_800,c_pad,b_white,d_photoiscoming.png/LMCode/82615492_05.jpg', 'path': 'full/519ea68b629d320f99fc39ec7b51d118ba2ef572.jpg', 'checksum': 'ca386b97c73732d86362d55d15b2cccd', 'status': 'downloaded'}, {'url': 'https://res.cloudinary.com/lmru/image/upload/f_auto,q_auto,w_400,h_400,c_pad,b_white,d_photoiscoming.png/LMCode/82615492_05.jpg', 'path': 'full/ae429c577d7925c29459a6d22535bfd424e93a5a.jpg', 'checksum': '378ee5ca27a9f6ea09befc26390aa2aa', 'status': 'downloaded'}]",1234
